year,PAK,ROK,IRN,SWZ,SIC,FRN,TAW,POR,SPN,IRQ,IND,EGY,GFR,GMY,BEL,JPN,ITA,INS,AUL,RUS,PRK,DRV,UKG,AUH,USA,GRC,NTH,CZE,BAV,SWD,CHN,DEN,RVN,YUG,TUR,ETH,POL,CAN,BUL,ROM,MYA
1816,0.0,0.0,0.0,0,27.0,132.0,0.0,22.0,125,0.0,0.0,0.0,0.0,130.0,0.0,0.0,19.0,0.0,0.0,800.0,0.0,0.0,255.0,222.0,17,0.0,26.0,0.0,0.0,0.0,0.0,32.0,0.0,0.0,121.0,0.0,0.0,0.0,0.0,0.0,0.0
1817,0.0,0.0,0.0,0,27.0,131.0,0.0,22.0,126,0.0,0.0,0.0,0.0,130.0,0.0,0.0,39.0,0.0,0.0,700.0,0.0,0.0,190.0,202.0,15,0.0,27.0,0.0,0.0,0.0,0.0,31.0,0.0,0.0,121.0,0.0,0.0,0.0,0.0,0.0,0.0
1818,0.0,0.0,0.0,0,27.0,138.0,0.0,22.0,126,0.0,0.0,0.0,0.0,130.0,0.0,0.0,39.0,0.0,0.0,600.0,0.0,0.0,173.0,182.0,14,0.0,27.0,0.0,0.0,0.0,0.0,30.0,0.0,0.0,121.0,0.0,0.0,0.0,0.0,0.0,0.0
1819,0.0,0.0,0.0,0,35.0,182.0,0.0,22.0,127,0.0,0.0,0.0,0.0,130.0,0.0,0.0,39.0,0.0,0.0,596.0,0.0,0.0,143.0,242.0,13,0.0,27.0,0.0,0.0,54.0,0.0,29.0,0.0,0.0,141.0,0.0,0.0,0.0,0.0,0.0,0.0
1820,0.0,0.0,0.0,0,42.0,208.0,0.0,22.0,146,0.0,0.0,0.0,0.0,130.0,0.0,0.0,41.0,0.0,0.0,772.0,0.0,0.0,144.0,258.0,15,0.0,27.0,0.0,0.0,51.75,0.0,28.0,0.0,0.0,161.0,0.0,0.0,0.0,0.0,0.0,0.0
1821,0.0,0.0,0.0,0,49.0,198.0,0.0,22.0,165,0.0,0.0,0.0,0.0,130.0,0.0,0.0,43.0,0.0,0.0,949.0,0.0,0.0,139.0,273.0,11,0.0,27.0,0.0,0.0,49.5,0.0,26.0,0.0,0.0,181.0,0.0,0.0,0.0,0.0,0.0,0.0
1822,0.0,0.0,0.0,0,55.0,243.0,0.0,25.0,158,0.0,0.0,0.0,0.0,130.0,0.0,0.0,56.0,0.0,0.0,1001.0,0.0,0.0,125.0,273.0,10,0.0,27.0,0.0,0.0,47.25,0.0,28.0,0.0,0.0,200.0,0.0,0.0,0.0,0.0,0.0,0.0
1823,0.0,0.0,0.0,0,53.0,256.0,0.0,27.0,114,0.0,0.0,0.0,0.0,130.0,0.0,0.0,19.0,0.0,0.0,684.0,0.0,0.0,125.0,272.0,11,0.0,28.0,0.0,0.0,45.0,0.0,30.0,0.0,0.0,206.0,0.0,0.0,0.0,0.0,0.0,0.0
1824,0.0,0.0,0.0,0,33.0,239.0,0.0,32.0,93,0.0,0.0,0.0,0.0,130.0,0.0,0.0,27.0,0.0,0.0,1032.0,0.0,0.0,132.0,273.0,11,0.0,28.0,0.0,0.0,45.0,0.0,41.0,0.0,0.0,191.0,0.0,0.0,0.0,0.0,0.0,0.0
1825,0.0,0.0,0.0,0,33.0,237.0,0.0,31.0,93,0.0,0.0,0.0,0.0,130.0,0.0,0.0,27.0,0.0,0.0,860.0,0.0,0.0,132.0,273.0,11,0.0,28.0,0.0,0.0,45.0,0.0,41.0,0.0,0.0,190.0,0.0,0.0,0.0,0.0,0.0,0.0
1826,0.0,0.0,0.0,0,33.0,237.0,0.0,32.0,92,0.0,0.0,0.0,0.0,130.0,0.0,0.0,27.0,0.0,0.0,578.0,0.0,0.0,149.0,273.0,12,0.0,28.0,0.0,0.0,45.0,0.0,41.0,0.0,0.0,190.0,0.0,0.0,0.0,0.0,0.0,0.0
1827,0.0,0.0,0.0,0,34.0,237.0,0.0,26.0,92,0.0,0.0,0.0,0.0,130.0,0.0,0.0,27.0,0.0,0.0,675.0,0.0,0.0,155.0,273.0,12,0.0,29.0,0.0,0.0,45.0,0.0,41.0,0.0,0.0,191.0,0.0,0.0,0.0,0.0,0.0,0.0
1828,0.0,0.0,0.0,0,31.0,247.0,0.0,42.0,91,0.0,0.0,0.0,0.0,130.0,0.0,0.0,31.0,0.0,0.0,624.0,0.0,0.0,155.0,273.0,11,5.0,29.0,0.0,54.0,45.0,0.0,41.0,0.0,0.0,129.0,0.0,0.0,0.0,0.0,0.0,0.0
1829,0.0,0.0,0.0,0,33.0,265.0,0.0,42.0,87,0.0,0.0,0.0,0.0,130.0,0.0,0.0,31.0,0.0,0.0,803.0,0.0,0.0,148.0,273.0,12,5.0,29.0,0.0,54.0,43.5,0.0,41.0,0.0,0.0,129.0,0.0,0.0,0.0,0.0,0.0,0.0
1830,0.0,0.0,0.0,0,33.0,259.0,0.0,42.0,83,0.0,0.0,0.0,0.0,130.0,62.0,0.0,31.0,0.0,0.0,826.0,0.0,0.0,140.0,273.0,12,5.0,30.0,0.0,54.0,42.0,0.0,41.0,0.0,0.0,129.0,0.0,0.0,0.0,0.0,0.0,0.0
1831,0.0,0.0,0.0,0,31.0,373.0,0.0,43.0,130,0.0,0.0,0.0,0.0,131.0,54.0,0.0,31.0,0.0,0.0,851.0,0.0,0.0,150.0,273.0,11,5.0,80.0,0.0,54.0,45.0,0.0,41.0,0.0,0.0,129.0,0.0,0.0,0.0,0.0,0.0,0.0
1832,0.0,0.0,0.0,0,33.0,311.0,0.0,54.0,89,0.0,0.0,0.0,0.0,132.0,46.0,0.0,31.0,0.0,0.0,875.0,0.0,0.0,145.0,252.0,12,8.0,38.0,0.0,54.22222222222222,48.5,0.0,41.0,0.0,0.0,129.0,0.0,0.0,0.0,0.0,0.0,0.0
1833,0.0,0.0,0.0,0,34.0,299.0,0.0,54.0,60,0.0,0.0,0.0,0.0,134.0,38.0,0.0,31.0,0.0,0.0,900.0,0.0,0.0,144.0,253.0,13,9.0,38.0,0.0,54.44444444444444,52.0,0.0,41.0,0.0,0.0,129.0,0.0,0.0,0.0,0.0,0.0,0.0
1834,0.0,0.0,0.0,0,34.0,267.0,0.0,54.0,110,0.0,0.0,0.0,0.0,134.0,30.0,0.0,31.0,0.0,0.0,784.0,0.0,0.0,137.0,271.0,13,11.0,32.0,0.0,54.666666666666664,52.0,0.0,33.0,0.0,0.0,129.0,0.0,0.0,0.0,0.0,0.0,0.0
1835,0.0,0.0,0.0,0,35.0,289.0,0.0,54.0,101,0.0,0.0,0.0,0.0,134.0,30.0,0.0,38.0,0.0,0.0,668.0,0.0,0.0,136.0,256.0,14,12.0,32.0,0.0,54.888888888888886,52.0,0.0,41.0,0.0,0.0,129.0,0.0,0.0,0.0,0.0,0.0,0.0
1836,0.0,0.0,0.0,0,35.0,294.0,0.0,54.0,95,0.0,0.0,0.0,0.0,134.0,30.0,0.0,38.0,0.0,0.0,1020.0,0.0,0.0,143.0,281.0,17,9.0,32.0,0.0,55.111111111111114,52.0,0.0,41.0,0.0,0.0,129.0,0.0,0.0,0.0,0.0,0.0,0.0
1837,0.0,0.0,0.0,0,30.0,307.0,0.0,54.0,89,0.0,0.0,0.0,0.0,134.0,46.0,0.0,38.0,0.0,0.0,574.0,0.0,0.0,143.0,306.0,22,11.0,43.0,0.0,55.333333333333336,52.0,0.0,39.0,0.0,0.0,129.0,0.0,0.0,0.0,0.0,0.0,0.0
1838,0.0,0.0,0.0,0,36.0,304.0,0.0,54.0,84,0.0,0.0,0.0,0.0,165.0,48.0,0.0,38.0,0.0,0.0,570.0,0.0,0.0,155.0,332.0,18,12.0,32.0,0.0,55.55555555555556,52.0,0.0,37.0,0.0,0.0,129.0,0.0,0.0,0.0,0.0,0.0,0.0
1839,0.0,0.0,0.0,0,37.0,300.0,0.0,51.0,79,0.0,0.0,0.0,0.0,134.0,50.0,0.0,35.0,0.0,0.0,567.0,0.0,0.0,159.0,357.0,19,12.0,32.0,0.0,55.77777777777778,52.0,0.0,35.0,0.0,0.0,278.0,0.0,0.0,0.0,0.0,0.0,0.0
1840,0.0,0.0,0.0,0,38.0,446.0,0.0,31.0,79,0.0,0.0,0.0,0.0,135.0,45.0,0.0,38.0,0.0,0.0,623.0,0.0,0.0,168.0,267.0,22,9.0,22.0,0.0,56.0,52.0,0.0,45.0,0.0,0.0,137.0,0.0,0.0,0.0,0.0,0.0,0.0
1841,0.0,0.0,0.0,0,38.0,483.0,0.0,31.0,86,0.0,0.0,0.0,0.0,135.0,41.0,0.0,35.0,0.0,0.0,680.0,0.0,0.0,173.0,331.0,21,8.0,24.0,0.0,56.333333333333336,52.0,0.0,38.0,0.0,0.0,145.0,0.0,0.0,0.0,0.0,0.0,0.0
1842,0.0,0.0,0.0,0,39.0,438.0,0.0,31.0,92,0.0,0.0,0.0,0.0,135.0,36.0,0.0,31.0,0.0,0.0,736.0,0.0,0.0,184.0,396.0,23,8.0,26.0,0.0,56.666666666666664,52.0,0.0,31.0,0.0,0.0,153.0,0.0,0.0,0.0,0.0,0.0,0.0
1843,0.0,0.0,0.0,0,39.0,397.0,0.0,31.0,100,0.0,0.0,0.0,0.0,135.0,32.0,0.0,28.0,0.0,0.0,793.0,0.0,0.0,158.0,462.0,21,8.0,28.0,0.0,57.0,52.0,0.0,23.0,0.0,0.0,162.0,0.0,0.0,0.0,0.0,0.0,0.0
1844,0.0,0.0,0.0,0,40.0,361.0,0.0,32.0,107,0.0,0.0,0.0,0.0,135.0,32.0,0.0,28.0,0.0,0.0,754.0,0.0,0.0,185.0,393.0,21,7.0,30.0,0.0,57.333333333333336,52.0,0.0,24.0,0.0,0.0,171.0,0.0,0.0,0.0,0.0,0.0,0.0
1845,0.0,0.0,0.0,0,40.0,357.0,0.0,27.0,113,0.0,0.0,0.0,0.0,135.0,32.0,0.0,28.0,0.0,0.0,706.0,0.0,0.0,178.0,319.0,21,7.0,32.0,0.0,57.666666666666664,52.0,0.0,26.0,0.0,0.0,158.0,0.0,0.0,0.0,0.0,0.0,0.0
1846,0.0,0.0,0.0,0,41.0,388.0,0.0,21.0,121,0.0,0.0,0.0,0.0,135.0,32.0,0.0,32.0,0.0,0.0,677.0,0.0,0.0,191.0,318.0,39,6.0,32.0,0.0,58.0,52.0,0.0,27.0,0.0,0.0,144.0,0.0,0.0,0.0,0.0,0.0,0.0
1847,0.0,0.0,0.0,0,47.0,394.0,0.0,21.0,121,0.0,0.0,0.0,0.0,134.0,32.0,0.0,36.0,0.0,0.0,803.0,0.0,0.0,193.0,317.0,58,8.0,33.0,0.0,58.0,49.5,0.0,27.0,0.0,0.0,130.0,0.0,0.0,0.0,0.0,0.0,0.0
1848,0.0,0.0,0.0,0,49.0,387.0,0.0,28.0,120,0.0,0.0,0.0,0.0,135.0,33.0,0.0,70.0,0.0,0.0,526.0,0.0,0.0,208.0,409.0,60,10.0,32.0,0.0,58.0,47.0,0.0,27.0,0.0,0.0,135.0,0.0,0.0,0.0,0.0,0.0,0.0
1849,0.0,0.0,0.0,0,46.0,465.0,0.0,21.0,118,0.0,0.0,0.0,0.0,131.0,34.0,0.0,70.0,0.0,0.0,699.0,0.0,0.0,203.0,408.0,23,9.0,31.0,0.0,58.0,49.0,0.0,41.0,0.0,0.0,140.0,0.0,0.0,0.0,0.0,0.0,0.0
1850,0.0,0.0,0.0,0,53.0,439.0,0.0,21.0,117,0.0,0.0,0.0,0.0,131.0,35.0,0.0,41.0,0.0,0.0,871.0,0.0,0.0,201.0,434.0,21,9.0,30.0,0.0,58.0,34.0,0.0,26.0,0.0,0.0,145.0,0.0,0.0,0.0,0.0,0.0,0.0
1851,0.0,0.0,0.0,0,53.0,402.0,0.0,21.0,114,0.0,0.0,0.0,0.0,134.0,36.0,0.0,55.0,0.0,0.0,560.0,0.0,0.0,198.0,461.0,21,9.0,30.0,0.0,58.0,34.0,0.0,26.0,0.0,0.0,150.0,0.0,0.0,0.0,0.0,0.0,0.0
1852,0.0,0.0,0.0,0,43.0,397.0,0.0,21.0,110,0.0,0.0,0.0,0.0,138.0,37.0,0.0,55.0,0.0,0.0,756.0,0.0,0.0,201.0,487.0,21,8.0,29.0,0.0,70.0,49.0,0.0,26.0,0.0,0.0,150.0,0.0,0.0,0.0,0.0,0.0,0.0
1853,0.0,0.0,0.0,0,53.0,424.0,0.0,21.0,105,0.0,0.0,0.0,0.0,139.0,38.0,0.0,51.0,0.0,0.0,761.0,0.0,0.0,213.0,514.0,21,10.0,31.0,0.0,72.0,77.0,0.0,26.0,0.0,0.0,160.0,0.0,0.0,0.0,0.0,0.0,0.0
1854,0.0,0.0,0.0,0,57.0,440.0,0.0,22.0,103,0.0,0.0,0.0,0.0,139.0,39.0,0.0,51.0,0.0,0.0,1100.0,0.0,0.0,234.0,540.0,21,10.0,33.0,0.0,80.0,77.0,0.0,26.0,0.0,0.0,160.0,0.0,0.0,0.0,0.0,0.0,0.0
1855,0.0,0.0,18.0,0,57.0,645.0,0.0,26.0,92,0.0,0.0,24.0,0.0,142.0,40.0,0.0,53.0,0.0,0.0,1550.0,0.0,0.0,329.0,427.0,26,9.0,38.0,0.0,88.0,77.0,0.0,25.0,0.0,0.0,160.0,0.0,0.0,0.0,0.0,0.0,0.0
1856,0.0,0.0,18.0,0,94.0,645.0,0.0,23.0,104,0.0,0.0,24.0,0.0,142.0,40.0,0.0,52.0,0.0,0.0,2000.0,0.0,0.0,382.0,427.0,26,9.0,38.0,0.0,88.0,77.0,0.0,25.0,0.0,0.0,160.0,0.0,0.0,0.0,0.0,0.0,0.0
1857,0.0,0.0,18.0,30,94.0,528.0,0.0,24.0,120,0.0,0.0,15.0,0.0,142.0,40.0,0.0,51.0,0.0,0.0,1019.0,0.0,0.0,272.0,427.0,27,9.0,38.0,0.0,87.0,77.0,0.0,25.0,0.0,0.0,160.0,0.0,0.0,0.0,0.0,0.0,0.0
1858,0.0,0.0,18.0,0,94.0,427.0,0.0,22.0,123,0.0,0.0,16.0,0.0,153.0,40.0,0.0,51.0,0.0,0.0,870.0,0.0,0.0,292.0,403.0,29,10.0,38.0,0.0,88.0,76.0,0.0,25.0,0.0,0.0,160.0,0.0,0.0,0.0,0.0,0.0,0.0
1859,0.0,0.0,18.0,0,93.0,465.0,0.0,27.0,124,0.0,0.0,17.0,0.0,153.0,40.0,0.0,53.0,0.0,0.0,850.0,0.0,0.0,315.0,355.0,29,10.0,38.0,0.0,104.0,77.0,0.0,25.0,0.0,0.0,160.0,0.0,0.0,0.0,0.0,0.0,0.0
1860,0.0,0.0,19.0,0,92.0,608.0,0.0,22.0,125,0.0,0.0,18.0,0.0,201.0,40.0,12.0,184.0,0.0,0.0,862.0,0.0,0.0,347.0,306.0,28,10.0,39.0,0.0,104.5,77.0,1000.0,25.0,0.0,0.0,160.0,0.0,0.0,0.0,0.0,0.0,0.0
1861,0.0,0.0,19.0,0,91.0,528.0,0.0,22.0,123,0.0,0.0,19.0,0.0,203.0,40.0,12.0,201.0,0.0,0.0,864.0,0.0,0.0,316.0,254.0,217,8.0,39.0,0.0,105.0,77.0,1000.0,25.0,0.0,0.0,160.0,0.0,0.0,0.0,0.0,0.0,0.0
1862,0.0,0.0,19.0,0,0.0,520.0,0.0,21.0,117,0.0,0.0,20.0,0.0,213.0,40.0,12.0,185.0,0.0,0.0,682.0,0.0,0.0,305.0,255.0,673,8.0,39.0,0.0,104.0,91.0,1000.0,25.0,0.0,0.0,159.0,0.0,0.0,0.0,0.0,0.0,0.0
1863,0.0,0.0,19.0,0,0.0,493.0,0.0,23.0,109,0.0,0.0,21.0,0.0,216.0,40.0,0.0,275.0,0.0,0.0,812.0,0.0,0.0,312.0,278.0,960,12.0,39.0,0.0,103.0,91.0,1000.0,25.0,0.0,0.0,159.0,0.0,0.0,0.0,0.0,0.0,0.0
1864,0.0,0.0,19.0,0,0.0,487.0,0.0,24.0,118,0.0,0.0,18.0,0.0,212.0,40.0,0.0,365.0,0.0,0.0,1135.0,0.0,0.0,290.0,298.0,1032,12.0,39.0,0.0,103.0,117.0,1000.0,32.0,0.0,0.0,159.0,0.0,0.0,0.0,0.0,0.0,0.0
1865,0.0,0.0,19.0,0,0.0,479.0,0.0,24.0,124,0.0,0.0,14.0,0.0,216.0,40.0,0.0,209.0,0.0,0.0,727.0,0.0,0.0,296.0,300.0,1063,13.0,39.0,0.0,103.0,117.0,1000.0,38.0,0.0,0.0,160.0,0.0,0.0,0.0,0.0,0.0,0.0
1866,0.0,0.0,20.0,0,0.0,458.0,0.0,23.0,107,0.0,0.0,15.0,0.0,214.0,40.0,0.0,233.0,0.0,0.0,697.0,0.0,0.0,286.0,275.0,77,13.0,38.0,0.0,73.0,120.0,1000.0,43.0,0.0,0.0,160.0,0.0,0.0,0.0,0.0,0.0,0.0
1867,0.0,0.0,20.0,0,0.0,461.0,0.0,24.0,109,0.0,0.0,17.0,0.0,219.0,40.0,0.0,394.0,0.0,0.0,628.0,0.0,0.0,283.0,268.0,75,15.0,38.0,0.0,74.0,120.0,1000.0,46.0,0.0,0.0,160.0,0.0,0.0,0.0,0.0,0.0,0.0
1868,0.0,0.0,20.0,0,0.0,483.0,0.0,24.0,98,0.0,0.0,18.0,0.0,317.0,40.0,0.0,294.0,0.0,0.0,673.0,0.0,0.0,279.0,256.0,66,16.0,39.0,0.0,50.0,83.0,1000.0,51.0,0.0,0.0,133.0,0.0,0.0,0.0,0.0,0.0,0.0
1869,0.0,0.0,20.0,0,0.0,474.0,0.0,25.0,102,0.0,0.0,19.0,0.0,318.0,40.0,6.0,204.0,0.0,0.0,706.0,0.0,0.0,270.0,252.0,52,16.0,39.0,0.0,50.0,83.0,1000.0,39.0,0.0,0.0,143.0,0.0,0.0,0.0,0.0,0.0,0.0
1870,0.0,0.0,20.0,0,0.0,452.0,0.0,25.0,124,0.0,0.0,20.0,0.0,319.0,40.0,6.0,174.0,0.0,0.0,738.0,0.0,0.0,257.0,252.0,50,14.0,39.0,0.0,40.0,83.0,1000.0,39.0,0.0,0.0,153.0,0.0,0.0,0.0,0.0,0.0,0.0
1871,0.0,0.0,20.0,0,0.0,1000.0,0.0,31.0,97,0.0,0.0,22.0,0.0,1000.0,40.0,17.0,353.0,0.0,0.0,765.0,0.0,0.0,241.0,260.0,42,11.0,39.0,0.0,30.0,83.0,1000.0,38.0,0.0,0.0,163.0,0.0,0.0,0.0,0.0,0.0,0.0
1872,0.0,0.0,20.0,0,0.0,483.0,0.0,27.0,97,0.0,0.0,23.0,0.0,427.0,40.0,20.0,175.0,0.0,0.0,826.0,0.0,0.0,254.0,264.0,42,11.0,39.0,0.0,0.0,86.0,1000.0,39.0,0.0,0.0,163.0,0.0,0.0,0.0,0.0,0.0,0.0
1873,0.0,0.0,20.0,0,0.0,534.0,0.0,36.0,100,0.0,0.0,24.0,0.0,426.0,40.0,40.0,161.0,0.0,0.0,826.0,0.0,0.0,252.0,292.0,43,11.0,39.0,0.0,0.0,82.0,1000.0,39.0,0.0,0.0,163.0,0.0,0.0,0.0,0.0,0.0,0.0
1874,0.0,0.0,20.0,0,0.0,474.0,0.0,37.0,103,0.0,0.0,25.0,0.0,429.0,40.0,41.0,177.0,0.0,0.0,830.0,0.0,0.0,248.0,285.0,44,11.0,40.0,0.0,0.0,80.5,1000.0,39.0,0.0,0.0,144.0,0.0,0.0,0.0,0.0,0.0,0.0
1875,0.0,0.0,20.0,0,0.0,485.0,0.0,42.0,111,0.0,0.0,26.0,0.0,428.0,43.0,41.0,179.0,0.0,0.0,835.0,0.0,0.0,245.0,303.0,38,14.0,41.0,0.0,0.0,79.0,1000.0,16.0,0.0,0.0,151.0,0.0,0.0,0.0,0.0,0.0,0.0
1876,0.0,0.0,30.0,0,0.0,501.0,0.0,44.0,104,0.0,0.0,26.0,0.0,429.0,46.0,37.0,156.0,0.0,0.0,859.0,0.0,0.0,244.0,278.0,41,12.0,41.0,0.0,0.0,54.0,1000.0,16.0,0.0,0.0,411.0,0.0,0.0,0.0,0.0,0.0,0.0
1877,0.0,0.0,30.0,0,0.0,523.0,0.0,39.0,104,0.0,0.0,26.0,0.0,429.0,46.0,38.0,152.0,0.0,0.0,840.0,0.0,0.0,251.0,278.0,34,25.0,39.0,0.0,0.0,94.0,1000.0,16.0,0.0,0.0,461.0,0.0,0.0,0.0,0.0,0.0,0.0
1878,0.0,0.0,30.0,0,0.0,543.0,0.0,40.0,150,0.0,0.0,21.0,0.0,429.0,46.0,43.0,203.0,0.0,0.0,1213.0,0.0,0.0,261.0,278.0,36,13.0,40.0,0.0,0.0,86.0,1000.0,11.0,0.0,7.0,336.0,0.0,0.0,0.0,0.0,16.0,0.0
1879,0.0,0.0,30.0,0,0.0,525.0,0.0,40.0,154,0.0,0.0,15.0,0.0,430.0,46.0,44.0,167.0,0.0,0.0,843.0,0.0,0.0,260.0,277.0,38,13.0,40.0,0.0,0.0,64.0,1000.0,6.0,0.0,7.0,211.0,0.0,0.0,0.0,0.0,17.0,0.0
1880,0.0,0.0,30.0,0,0.0,544.0,0.0,32.0,159,0.0,0.0,15.0,0.0,430.0,46.0,45.0,167.0,0.0,0.0,909.0,0.0,0.0,248.0,273.0,38,10.0,41.0,0.0,0.0,92.0,1000.0,6.0,0.0,7.0,151.0,0.0,0.0,0.0,0.0,21.0,0.0
1881,0.0,0.0,30.0,0,0.0,578.0,0.0,34.0,160,0.0,0.0,15.0,0.0,456.0,46.0,46.0,167.0,0.0,0.0,908.0,0.0,0.0,247.0,273.0,38,84.0,43.0,0.0,0.0,66.0,1000.0,6.0,0.0,7.0,251.0,0.0,0.0,0.0,0.0,21.0,0.0
1882,0.0,0.0,30.0,0,0.0,588.0,0.0,31.0,157,0.0,0.0,15.0,0.0,455.0,46.0,47.0,162.0,0.0,0.0,908.0,0.0,0.0,247.0,279.0,38,32.0,44.0,0.0,0.0,67.0,1000.0,6.0,0.0,7.0,241.0,0.0,0.0,0.0,0.0,21.0,0.0
1883,0.0,0.0,30.0,0,0.0,516.0,0.0,29.0,154,0.0,0.0,0.0,0.0,457.0,45.0,48.0,163.0,0.0,0.0,803.0,0.0,0.0,239.0,297.0,37,28.0,45.0,0.0,0.0,69.0,1000.0,6.0,0.0,10.0,231.0,0.0,0.0,0.0,0.0,36.0,0.0
1884,0.0,0.0,30.0,0,0.0,526.0,0.0,31.0,150,0.0,0.0,0.0,0.0,457.0,47.0,48.0,223.0,0.0,0.0,803.0,0.0,0.0,240.0,279.0,39,28.0,46.0,0.0,0.0,62.0,1000.0,6.0,0.0,18.0,211.0,0.0,0.0,0.0,0.0,35.0,0.0
1885,0.0,0.0,25.0,0,0.0,519.0,0.0,39.0,176,0.0,0.0,0.0,0.0,459.0,46.0,52.0,226.0,0.0,0.0,803.0,0.0,0.0,256.0,295.0,39,28.0,46.0,0.0,0.0,65.0,1000.0,8.0,0.0,13.0,211.0,0.0,0.0,0.0,0.0,34.0,0.0
1886,0.0,0.0,25.0,0,0.0,536.0,0.0,35.0,153,0.0,0.0,0.0,0.0,460.0,45.0,56.0,227.0,0.0,0.0,820.0,0.0,0.0,265.0,297.0,39,28.0,44.0,0.0,0.0,65.0,1000.0,11.0,0.0,13.0,231.0,0.0,0.0,0.0,0.0,34.0,0.0
1887,0.0,0.0,25.0,0,0.0,519.0,0.0,29.0,153,0.0,0.0,0.0,0.0,503.0,45.0,62.0,230.0,0.0,0.0,837.0,0.0,0.0,273.0,295.0,39,27.0,37.0,0.0,0.0,65.0,1000.0,14.0,0.0,13.0,211.0,0.0,0.0,0.0,0.0,36.0,0.0
1888,0.0,0.0,25.0,0,0.0,569.0,0.0,28.0,149,0.0,0.0,0.0,0.0,504.0,48.0,62.0,237.0,0.0,0.0,900.0,0.0,0.0,273.0,280.0,39,25.0,38.0,0.0,0.0,64.0,1000.0,17.0,0.0,13.0,221.0,0.0,0.0,0.0,0.0,37.0,0.0
1889,0.0,0.0,25.0,0,0.0,589.0,0.0,30.0,146,0.0,0.0,0.0,0.0,504.0,48.0,69.0,256.0,0.0,0.0,843.0,0.0,0.0,275.0,275.0,39,29.0,38.0,0.0,0.0,64.0,1000.0,18.0,0.0,13.0,260.0,0.0,0.0,0.0,0.0,41.0,0.0
1890,0.0,0.0,25.0,0,0.0,596.0,0.0,31.0,139,0.0,0.0,0.0,0.0,505.0,45.0,71.0,257.0,0.0,0.0,844.0,0.0,0.0,278.0,332.0,39,25.0,42.0,0.0,0.0,66.0,1000.0,18.0,0.0,10.0,236.0,0.0,0.0,0.0,0.0,49.0,0.0
1891,0.0,0.0,25.0,0,0.0,605.0,0.0,33.0,137,0.0,0.0,0.0,0.0,524.0,49.0,89.0,265.0,0.0,0.0,871.0,0.0,0.0,281.0,315.0,38,32.0,34.0,0.0,0.0,66.0,1000.0,17.0,0.0,10.0,247.0,0.0,0.0,0.0,0.0,40.0,0.0
1892,0.0,0.0,25.0,0,0.0,606.0,0.0,33.0,131,0.0,0.0,0.0,0.0,526.0,51.0,79.0,241.0,0.0,0.0,896.0,0.0,0.0,288.0,324.0,39,31.0,30.0,0.0,0.0,63.0,1000.0,15.0,0.0,12.0,241.0,0.0,0.0,0.0,0.0,51.0,0.0
1893,0.0,0.0,25.0,0,0.0,610.0,0.0,32.0,133,0.0,0.0,0.0,0.0,601.0,47.0,71.0,264.0,0.0,0.0,890.0,0.0,0.0,294.0,333.0,39,25.0,29.0,0.0,0.0,63.0,1000.0,15.0,0.0,13.0,247.0,0.0,0.0,0.0,0.0,51.0,0.0
1894,0.0,0.0,25.0,0,0.0,590.0,0.0,33.0,136,0.0,0.0,0.0,0.0,601.0,47.0,83.0,250.0,0.0,0.0,921.0,0.0,0.0,302.0,307.0,42,25.0,29.0,0.0,0.0,63.0,1000.0,15.0,0.0,17.0,234.0,0.0,0.0,0.0,0.0,47.0,0.0
1895,0.0,0.0,25.0,0,0.0,586.0,0.0,33.0,150,0.0,0.0,0.0,0.0,602.0,47.0,207.0,229.0,0.0,0.0,928.0,0.0,0.0,309.0,312.0,42,26.0,29.0,0.0,0.0,63.0,1000.0,12.0,0.0,19.0,231.0,0.0,0.0,0.0,0.0,47.0,0.0
1896,0.0,0.0,25.0,0,0.0,613.0,0.0,33.0,149,0.0,0.0,0.0,0.0,602.0,48.0,103.0,226.0,0.0,0.0,928.0,0.0,0.0,315.0,305.0,42,25.0,29.0,0.0,0.0,62.0,1000.0,12.0,0.0,22.0,261.0,0.0,0.0,0.0,0.0,61.0,0.0
1897,0.0,0.0,25.0,0,0.0,623.0,0.0,34.0,154,0.0,0.0,0.0,0.0,604.0,49.0,132.0,247.0,0.0,0.0,928.0,0.0,0.0,319.0,305.0,44,25.0,29.0,0.0,0.0,63.0,1000.0,16.0,0.0,22.0,436.0,0.0,0.0,0.0,0.0,60.0,0.0
1898,0.0,0.0,25.0,0,0.0,654.0,0.0,36.0,153,0.0,0.0,0.0,0.0,606.0,47.0,156.0,318.0,0.0,0.0,928.0,0.0,0.0,331.0,312.0,236,25.0,29.0,0.0,0.0,63.0,1000.0,12.0,0.0,23.0,336.0,150.0,0.0,0.0,0.0,62.0,0.0
1899,0.0,0.0,25.0,0,0.0,654.0,0.0,36.0,132,0.0,0.0,0.0,0.0,619.0,49.0,147.0,264.0,0.0,0.0,938.0,0.0,0.0,331.0,308.0,100,25.0,29.0,0.0,0.0,63.0,1000.0,12.0,0.0,23.0,235.0,150.0,0.0,0.0,0.0,67.0,0.0
1900,0.0,0.0,25.0,0,0.0,621.0,0.0,36.0,111,0.0,0.0,0.0,0.0,624.0,51.0,182.0,262.0,0.0,0.0,1142.0,0.0,0.0,487.0,308.0,126,25.0,31.0,0.0,0.0,75.0,1000.0,11.0,0.0,22.0,273.0,150.0,0.0,0.0,0.0,63.0,0.0
1901,0.0,0.0,25.0,0,0.0,603.0,0.0,37.0,114,0.0,0.0,0.0,0.0,630.0,48.0,206.0,262.0,0.0,0.0,1142.0,0.0,0.0,521.0,309.0,112,22.0,31.0,0.0,0.0,75.0,1000.0,11.0,0.0,22.0,275.0,150.0,0.0,0.0,0.0,53.0,0.0
1902,0.0,0.0,25.0,0,0.0,610.0,0.0,36.0,112,0.0,0.0,0.0,0.0,638.0,49.0,209.0,276.0,0.0,0.0,1160.0,0.0,0.0,489.0,309.0,111,22.0,35.0,0.0,0.0,73.0,1000.0,11.0,0.0,24.0,266.0,150.0,0.0,0.0,0.0,66.0,0.0
1903,0.0,0.0,25.0,0,0.0,614.0,0.0,36.0,112,0.0,0.0,0.0,0.0,636.0,46.0,214.0,270.0,0.0,0.0,1160.0,0.0,0.0,416.0,311.0,106,23.0,31.0,0.0,0.0,103.0,1000.0,11.0,0.0,26.0,266.0,150.0,0.0,0.0,0.0,66.0,0.0
1904,0.0,0.0,25.0,0,0.0,596.0,0.0,36.0,112,0.0,0.0,0.0,0.0,642.0,44.0,218.0,263.0,0.0,0.0,1160.0,0.0,0.0,409.0,312.0,110,28.0,31.0,0.0,0.0,95.0,1000.0,11.0,0.0,27.0,239.0,150.0,0.0,0.0,0.0,65.0,0.0
1905,0.0,0.0,30.0,0,0.0,626.0,0.0,36.0,113,0.0,0.0,0.0,0.0,648.0,44.0,250.0,266.0,0.0,0.0,2365.0,0.0,0.0,394.0,313.0,108,29.0,34.0,0.0,0.0,64.0,1000.0,11.0,0.0,27.0,298.0,150.0,0.0,0.0,0.0,66.0,0.0
1906,0.0,0.0,30.0,0,0.0,635.0,0.0,39.0,113,0.0,0.0,0.0,0.0,653.0,44.0,266.0,267.0,0.0,0.0,1236.0,0.0,0.0,384.0,314.0,112,26.0,28.0,0.0,0.0,67.0,1000.0,11.0,0.0,28.0,310.0,150.0,0.0,0.0,0.0,70.0,0.0
1907,0.0,0.0,30.0,0,0.0,619.0,0.0,39.0,132,0.0,0.0,0.0,0.0,658.0,44.0,262.0,219.0,0.0,0.0,1234.0,0.0,0.0,369.0,316.0,108,25.0,28.0,0.0,0.0,67.0,1000.0,11.0,0.0,34.0,321.0,150.0,0.0,0.0,0.0,69.0,0.0
1908,0.0,0.0,30.0,0,0.0,619.0,0.0,39.0,111,0.0,0.0,0.0,0.0,663.0,46.0,273.0,227.0,0.0,0.0,1381.0,0.0,0.0,364.0,314.0,129,25.0,27.0,0.0,0.0,67.0,1000.0,12.0,0.0,29.0,319.0,150.0,0.0,0.0,59.0,90.0,0.0
1909,0.0,0.0,30.0,0,0.0,641.0,0.0,36.0,111,0.0,0.0,0.0,0.0,667.0,46.0,273.0,251.0,0.0,0.0,1434.0,0.0,0.0,381.0,317.0,142,25.0,27.0,0.0,0.0,65.0,1000.0,15.0,0.0,36.0,312.0,150.0,0.0,0.0,60.0,104.0,0.0
1910,0.0,0.0,30.0,0,0.0,652.0,0.0,39.0,137,0.0,0.0,0.0,0.0,673.0,48.0,283.0,252.0,0.0,0.0,1380.0,0.0,0.0,372.0,315.0,139,30.0,28.0,0.0,0.0,71.0,1000.0,15.0,0.0,35.0,324.0,150.0,0.0,0.0,58.0,89.0,0.0
1911,0.0,0.0,30.0,0,0.0,638.0,0.0,37.5,147,0.0,0.0,0.0,0.0,677.0,47.0,274.0,291.0,0.0,0.0,1427.0,0.0,0.0,376.0,300.0,145,33.0,45.0,0.0,0.0,74.0,1003.0,15.0,0.0,30.0,336.0,150.0,0.0,0.0,61.0,97.0,0.0
1912,0.0,0.0,30.0,0,0.0,642.0,0.0,36.0,145,0.0,0.0,0.0,0.0,716.0,47.0,275.0,398.0,0.0,0.0,1434.0,0.0,0.0,523.0,322.0,153,27.0,46.0,0.0,0.0,74.0,450.0,15.0,0.0,31.0,241.0,150.0,0.0,0.0,61.0,100.0,0.0
1913,0.0,0.0,30.0,0,0.0,632.0,0.0,36.0,145,0.0,0.0,0.0,0.0,859.0,48.0,296.0,288.0,0.0,0.0,1286.0,0.0,0.0,533.0,358.0,155,200.0,45.0,0.0,0.0,86.0,450.0,15.0,0.0,32.0,241.0,150.0,0.0,0.0,592.0,109.0,0.0
1914,0.0,0.0,59.0,0,0.0,789.0,0.0,36.0,162,0.0,0.0,0.0,0.0,862.0,115.0,300.0,344.0,0.0,0.0,1321.0,0.0,0.0,532.0,839.0,166,29.0,41.0,0.0,0.0,83.0,460.0,15.0,0.0,41.0,249.0,250.0,0.0,0.0,52.0,145.0,0.0
1915,0.0,0.0,59.0,250,0.0,4997.0,0.0,125.0,175,0.0,0.0,0.0,0.0,3823.0,156.0,650.0,3159.0,0.0,0.0,5500.0,0.0,0.0,4350.0,3800.0,174,33.0,33.0,0.0,0.0,80.0,500.0,15.0,0.0,84.0,790.0,250.0,0.0,0.0,49.0,189.0,0.0
1916,0.0,0.0,59.0,250,0.0,5260.0,0.0,125.0,189,0.0,0.0,0.0,0.0,4580.0,189.0,650.0,3159.0,0.0,0.0,10900.0,0.0,0.0,4390.0,839.0,179,37.0,28.0,0.0,0.0,99.0,850.0,16.0,0.0,102.0,660.0,250.0,0.0,0.0,800.0,211.0,0.0
1917,0.0,0.0,5.0,250,0.0,5141.0,0.0,125.0,198,0.0,0.0,0.0,0.0,5380.0,194.0,660.0,3159.0,0.0,0.0,9050.0,0.0,0.0,4430.0,839.0,644,42.0,23.0,0.0,0.0,100.0,900.0,16.0,0.0,156.0,530.0,250.0,0.0,0.0,38.0,247.0,0.0
1918,0.0,0.0,46.0,250,0.0,5277.0,0.0,125.0,212,0.0,0.0,0.0,0.0,8000.0,209.0,660.0,3159.0,0.0,0.0,5300.0,0.0,0.0,4222.0,839.0,2897,51.0,19.0,150.0,0.0,101.0,1300.0,16.0,0.0,201.0,400.0,250.0,150.0,0.0,857.0,269.0,0.0
1919,0.0,0.0,43.0,0,0.0,2364.0,0.0,20.0,224,0.0,0.0,0.0,0.0,114.0,212.0,306.0,2000.0,0.0,0.0,1550.0,0.0,0.0,1333.0,0.0,1173,58.0,14.0,150.0,0.0,101.0,1380.0,16.0,0.0,255.0,129.0,100.0,300.0,0.0,20.0,292.0,0.0
1920,0.0,0.0,40.0,0,0.0,1457.0,0.0,36.0,236,0.0,0.0,0.0,0.0,114.0,156.0,306.0,840.0,0.0,6.0,3050.0,0.0,0.0,596.0,0.0,343,65.0,14.0,150.0,0.0,101.0,1442.0,16.0,0.0,205.0,109.0,100.0,962.0,4.0,20.0,252.0,0.0
1921,0.0,0.0,37.0,0,0.0,547.0,0.0,36.0,207,0.0,0.0,0.0,0.0,114.0,100.0,306.0,290.0,0.0,6.0,5500.0,0.0,0.0,448.0,0.0,387,72.0,14.0,150.0,0.0,25.0,1504.0,15.0,0.0,155.0,169.0,100.0,255.0,4.0,20.0,253.0,0.0
1922,0.0,0.0,33.0,0,0.0,545.0,0.0,36.0,235,0.0,0.0,0.0,0.0,114.0,117.0,306.0,291.0,0.0,6.0,3600.0,0.0,0.0,368.0,0.0,270,79.0,15.0,150.0,0.0,30.0,1566.0,13.0,0.0,255.0,209.0,100.0,252.0,4.0,20.0,233.0,0.0
1923,0.0,0.0,30.0,0,0.0,511.0,0.0,36.0,199,0.0,0.0,0.0,0.0,114.0,133.0,306.0,311.0,0.0,7.0,2100.0,0.0,0.0,337.0,0.0,247,79.0,15.0,150.0,0.0,25.0,1628.0,13.0,0.0,154.0,129.0,100.0,270.0,4.0,20.0,203.0,0.0
1924,0.0,0.0,28.0,0,0.0,479.0,0.0,36.0,161,0.0,0.0,0.0,0.0,114.0,82.0,306.0,380.0,0.0,7.0,562.0,0.0,0.0,337.0,0.0,261,78.0,15.0,150.0,0.0,40.0,1700.0,14.0,0.0,152.0,129.0,100.0,278.0,4.0,20.0,150.0,0.0
1925,0.0,0.0,40.0,0,0.0,475.0,0.0,51.0,152,0.0,0.0,0.0,0.0,114.0,82.0,306.0,299.0,0.0,7.0,562.0,0.0,0.0,342.0,0.0,252,81.0,16.0,125.0,0.0,30.0,1700.0,14.0,0.0,152.0,129.0,100.0,272.0,4.0,20.0,144.0,0.0
1926,0.0,0.0,40.0,0,0.0,471.0,0.0,53.0,154,0.0,0.0,0.0,0.0,114.0,83.0,302.0,317.0,0.0,8.0,562.0,0.0,0.0,341.0,0.0,247,79.0,16.0,120.0,0.0,28.0,1700.0,14.0,0.0,118.0,129.0,100.0,293.0,4.0,20.0,145.0,0.0
1927,0.0,0.0,40.0,0,0.0,494.0,0.0,51.0,129,0.0,0.0,0.0,0.0,114.0,66.0,274.0,318.0,0.0,8.0,562.0,0.0,0.0,338.0,0.0,249,76.0,14.0,127.0,0.0,28.0,1700.0,13.0,0.0,110.0,99.0,100.0,265.0,4.0,20.0,155.0,0.0
1928,0.0,0.0,40.0,0,0.0,469.0,0.0,51.0,128,0.0,0.0,0.0,0.0,114.0,65.0,285.0,317.0,0.0,8.0,562.0,0.0,0.0,330.0,0.0,251,73.0,14.0,130.0,0.0,38.0,1700.0,14.0,0.0,111.0,129.0,100.0,268.0,5.0,20.0,191.0,0.0
1929,0.0,0.0,40.0,0,0.0,411.0,0.0,51.0,132,0.0,0.0,0.0,0.0,114.0,67.0,296.0,315.0,0.0,7.0,562.0,0.0,0.0,325.0,0.0,255,69.0,14.0,130.0,0.0,38.0,1700.0,12.0,0.0,112.0,129.0,100.0,268.0,4.0,20.0,191.0,0.0
1930,0.0,0.0,40.0,0,0.0,411.0,0.0,40.0,134,0.0,0.0,0.0,0.0,114.0,69.0,293.0,333.0,0.0,7.0,562.0,0.0,0.0,318.0,0.0,256,66.0,14.0,130.0,0.0,39.0,1700.0,11.0,0.0,112.0,149.0,100.0,263.0,5.0,20.0,192.0,0.0
1931,0.0,0.0,40.0,0,0.0,441.0,0.0,40.0,134,0.0,0.0,0.0,0.0,114.0,66.0,292.0,314.0,0.0,6.0,562.0,0.0,0.0,319.0,0.0,253,62.0,16.0,129.0,0.0,32.0,1700.0,11.0,0.0,114.0,145.0,100.0,269.0,6.0,20.0,180.0,0.0
1932,0.0,0.0,40.0,0,0.0,422.0,0.0,41.0,138,12.0,0.0,0.0,0.0,114.0,67.0,370.0,354.0,0.0,6.0,562.0,0.0,0.0,317.0,0.0,245,62.0,16.0,118.0,0.0,32.0,1700.0,11.0,0.0,104.0,149.0,100.0,269.0,5.0,20.0,142.0,0.0
1933,0.0,0.0,97.0,0,0.0,449.0,0.0,41.0,146,10.0,0.0,0.0,0.0,118.0,66.0,371.0,363.0,0.0,6.0,885.0,0.0,0.0,316.0,0.0,244,62.0,16.0,122.0,0.0,34.0,1700.0,11.0,0.0,114.0,149.0,100.0,269.0,5.0,20.0,147.0,0.0
1934,0.0,0.0,97.0,0,0.0,458.0,0.0,37.0,138,10.0,0.0,0.0,0.0,315.0,68.0,399.0,362.0,0.0,8.0,940.0,0.0,0.0,318.0,0.0,247,63.0,16.0,118.0,0.0,36.5,1700.0,10.0,0.0,115.0,203.0,100.0,272.0,5.0,20.0,147.0,0.0
1935,0.0,0.0,95.0,0,0.0,548.0,0.0,37.0,141,14.0,0.0,0.0,0.0,461.0,68.0,410.0,1380.0,0.0,8.0,1300.0,0.0,0.0,321.0,0.0,252,63.0,16.0,117.0,0.0,39.0,1700.0,10.0,0.0,123.0,211.0,100.0,271.0,4.0,20.0,142.0,0.0
1936,0.0,0.0,94.0,0,0.0,588.0,0.0,36.0,475,19.0,0.0,0.0,0.0,596.0,67.0,416.0,343.0,0.0,8.0,1300.0,0.0,0.0,336.0,0.0,291,68.0,15.0,163.0,0.0,30.0,1700.0,12.0,0.0,124.0,211.0,500.0,272.0,6.0,20.0,137.0,0.0
1937,0.0,0.0,92.0,0,0.0,613.0,0.0,33.0,500,23.0,0.0,22.0,0.0,603.0,72.0,393.0,466.0,0.0,8.0,1433.0,0.0,0.0,350.0,0.0,312,90.0,16.0,163.0,0.0,27.0,2000.0,12.0,0.0,142.0,211.0,0.0,281.0,6.0,20.0,177.0,0.0
1938,0.0,0.0,90.0,0,0.0,581.0,0.0,38.0,550,28.0,0.0,24.0,0.0,782.0,90.0,370.0,486.0,0.0,8.0,1566.0,0.0,0.0,376.0,0.0,323,95.0,16.0,163.0,0.0,41.0,900.0,11.0,0.0,144.0,211.0,0.0,308.0,6.0,20.0,169.0,0.0
1939,0.0,0.0,32.0,0,0.0,581.0,0.0,40.0,539,19.0,0.0,25.0,0.0,2750.0,85.0,957.0,581.0,0.0,8.0,1789.0,0.0,0.0,394.0,0.0,334,98.0,47.0,163.0,0.0,70.5,1488.0,12.0,0.0,146.0,148.0,0.0,275.0,6.0,48.0,148.0,0.0
1940,0.0,0.0,120.0,650,0.0,5000.0,0.0,37.0,531,23.57142857142857,0.0,50.0,0.0,3300.0,82.0,957.0,1634.0,0.0,82.0,4200.0,0.0,0.0,1020.0,0.0,458,105.0,64.0,0.0,0.0,100.0,2036.0,13.0,0.0,149.0,330.5,0.0,0.0,21.0,163.0,815.0,0.0
1941,0.0,0.0,124.0,525,0.0,373.0,0.0,36.0,522,28.142857142857142,0.0,50.0,0.0,7100.0,0.0,3075.0,2692.0,0.0,400.0,4207.0,0.0,0.0,2300.0,0.0,1801,414.0,0.0,0.0,0.0,250.0,2584.0,0.0,0.0,150.0,513.0,1.6666666666666667,0.0,280.0,234.75,855.0,0.0
1942,0.0,0.0,65.0,525,0.0,186.5,0.0,41.285714285714285,508,32.714285714285715,0.0,50.0,0.0,7028.0,0.0,3075.0,3750.0,0.0,540.0,4932.0,0.0,0.0,3390.0,0.0,3859,0.0,0.0,0.0,0.0,400.0,3132.0,0.0,0.0,0.0,513.0,3.3333333333333335,0.0,400.0,306.5,895.0,0.0
1943,0.0,0.0,80.0,525,0.0,0.0,0.0,46.57142857142857,497,37.285714285714285,0.0,50.0,0.0,6957.0,0.0,3075.0,1702.0,0.0,680.0,5112.0,0.0,0.0,4145.0,0.0,9045,0.0,0.0,0.0,0.0,400.0,3680.0,0.0,0.0,0.0,513.0,5.0,0.0,740.0,378.25,935.0,0.0
1944,0.0,0.0,86.0,525,0.0,579.0,0.0,51.85714285714286,483,41.857142857142854,0.0,50.0,0.0,6128.0,0.0,4325.0,283.0,0.0,680.0,6100.0,0.0,0.0,4900.0,0.0,11452,58.5,0.0,0.0,0.0,400.0,4228.0,0.0,0.0,153.0,513.0,6.666666666666667,0.0,728.0,450.0,975.0,0.0
1945,0.0,0.0,90.0,525,0.0,578.0,0.0,57.14285714285714,477,46.42857142857143,0.0,50.0,0.0,5300.0,80.0,6095.0,276.0,0.0,596.0,12500.0,0.0,0.0,5090.0,0.0,12123,117.0,87.0,250.0,0.0,400.0,4775.0,13.0,0.0,156.0,514.0,8.333333333333334,197.0,801.0,39.0,119.0,0.0
1946,0.0,0.0,101.0,0,0.0,578.0,0.0,62.42857142857143,462,51.0,0.0,50.0,0.0,0.0,79.0,0.0,260.0,0.0,103.0,2500.0,0.0,0.0,2053.0,0.0,3030,120.0,100.0,250.0,0.0,369.0,4158.0,14.0,0.0,159.0,689.0,10.0,132.0,46.0,106.0,114.0,0.0
1947,275.0,0.0,91.0,0,0.0,580.0,0.0,67.71428571428572,464,31.0,311.0,57.0,0.0,0.0,75.0,0.0,280.0,0.0,82.0,2700.0,0.0,0.0,1302.0,0.0,1583,137.0,233.0,250.0,0.0,338.0,4015.0,14.0,0.0,159.0,689.0,10.0,168.0,43.0,131.0,140.0,0.0
1948,265.0,0.0,92.0,0,0.0,577.0,0.0,73.0,464,31.0,321.0,64.0,0.0,0.0,71.0,0.0,310.0,0.0,61.0,2900.0,200.0,0.0,847.0,0.0,1446,154.0,233.0,250.0,0.0,307.0,3690.0,14.0,0.0,245.0,689.0,10.0,204.0,40.0,157.0,166.0,3.0
1949,256.0,69.0,114.0,0,0.0,588.0,1500.0,73.0,444,31.0,331.0,70.0,0.0,0.0,70.0,0.0,330.0,200.0,41.0,3600.0,60.0,0.0,770.0,0.0,1615,223.0,233.0,250.0,0.0,276.0,2570.0,16.0,0.0,245.0,669.0,10.0,255.0,47.0,183.0,167.0,4.0
1950,246.0,109.0,114.0,0,0.0,595.0,300.0,74.0,494,35.0,341.0,74.0,0.0,0.0,74.0,0.0,235.0,600.0,38.0,4300.0,120.0,0.0,689.0,0.0,1460,192.0,226.0,250.0,0.0,245.0,4000.0,18.0,0.0,245.0,684.0,20.0,328.0,45.0,209.0,218.0,6.0
1951,237.0,196.0,123.0,0,0.0,620.0,500.0,74.0,528,38.0,351.0,77.0,0.0,0.0,77.0,0.0,320.0,400.0,33.0,5000.0,100.0,0.0,826.0,0.0,3249,160.0,218.0,250.0,0.0,214.0,3000.0,25.0,0.0,367.0,531.0,20.0,400.0,62.0,200.0,269.0,8.0
1952,227.0,335.0,132.0,0,0.0,655.0,500.0,74.0,528,42.0,361.0,81.0,0.0,0.0,81.0,119.0,325.0,200.0,32.0,5800.0,211.0,0.0,872.0,0.0,3636,171.0,211.0,250.0,0.0,183.0,3026.0,25.0,0.0,367.0,533.0,20.0,450.0,102.0,190.0,270.0,10.0
1953,218.0,504.0,132.0,0,0.0,699.0,600.0,75.0,503,46.0,371.0,85.0,0.0,0.0,86.0,123.0,330.0,100.0,57.0,5800.0,260.0,0.0,865.0,0.0,3555,171.0,203.0,250.0,0.0,152.0,3052.0,25.0,0.0,367.0,436.0,20.0,450.0,104.0,187.0,271.0,14.0
1954,208.0,630.0,132.0,0,0.0,745.0,600.0,77.0,505,49.0,381.0,88.0,0.0,0.0,91.0,165.0,315.0,149.0,54.0,5800.0,280.0,180.0,839.0,0.0,3302,173.0,196.0,250.0,0.0,121.0,3078.0,25.0,170.0,367.0,413.0,20.0,300.0,108.0,213.0,272.0,19.0
1955,199.0,730.0,128.0,0,0.0,802.0,600.0,77.0,505,53.0,391.0,92.0,205.0,0.0,94.0,196.0,318.0,199.0,52.0,5800.0,300.0,190.0,809.0,0.0,2935,144.0,188.0,250.0,0.0,90.0,3000.0,25.0,160.0,370.0,425.0,24.0,300.0,112.0,213.0,272.0,25.0
1956,190.0,650.0,128.0,0,0.0,856.0,530.0,78.0,478,57.0,400.0,93.0,154.0,0.0,98.0,215.0,320.0,248.0,52.0,5100.0,320.0,200.0,761.0,0.0,2806,135.0,181.0,250.0,0.0,59.0,3130.0,35.0,150.0,370.0,437.0,28.0,300.0,116.0,191.0,233.0,33.0
1957,206.0,650.0,138.0,0,0.0,913.0,580.0,78.0,451,60.0,445.0,95.0,70.0,0.0,101.0,224.0,321.0,265.0,48.0,4500.0,340.0,210.0,702.0,0.0,2796,144.0,173.0,250.0,0.0,28.0,3156.0,35.0,160.0,370.0,449.0,32.0,300.0,121.0,192.0,194.0,44.0
1958,223.0,650.0,147.0,0,0.0,961.0,630.0,78.0,424,64.0,490.0,107.0,100.0,0.0,106.0,243.0,321.0,282.0,46.0,3900.0,360.0,220.0,614.0,0.0,2411,148.0,166.0,250.0,0.0,28.0,3182.0,32.0,160.0,370.0,460.0,36.0,300.0,119.0,167.0,205.0,56.0
1959,223.0,650.0,157.0,0,0.0,992.0,615.0,78.0,398,57.0,535.0,157.0,290.0,0.0,108.0,255.0,321.0,299.0,48.0,3600.0,380.0,230.0,565.0,0.0,2328,152.0,158.0,303.0,0.0,29.0,3208.0,32.0,160.0,370.0,460.0,29.0,200.0,120.0,143.0,216.0,67.0
1960,223.0,650.0,208.0,0,0.0,1025.0,600.0,78.0,371,74.0,535.0,160.0,310.0,0.0,110.0,263.0,321.0,316.0,47.0,3600.0,400.0,240.0,519.0,0.0,2306,160.0,151.0,303.0,0.0,29.0,3234.0,32.0,160.0,370.0,435.0,29.0,200.0,121.0,118.0,227.0,79.0
1961,243.0,570.0,185.0,29,0.0,720.0,580.0,75.0,345,90.0,775.0,215.0,350.0,0.0,110.0,230.0,470.0,375.0,46.0,3000.0,390.0,250.0,475.0,0.0,2307,160.0,141.0,310.0,0.0,80.0,2200.0,45.0,375.0,250.0,400.0,27.0,305.0,124.0,132.0,312.0,90.0
1962,249.0,570.0,200.0,29,0.0,705.0,570.0,80.0,340,91.0,800.0,220.0,354.0,0.0,110.0,235.0,470.0,375.0,49.0,3000.0,380.0,260.0,475.0,0.0,2807,160.0,141.0,305.0,0.0,80.0,2300.0,47.0,400.0,250.0,420.0,30.0,310.0,124.0,135.0,304.0,100.0
1963,270.0,627.0,200.0,20,0.0,735.0,544.0,145.0,370,80.0,1083.0,135.0,425.0,0.0,115.0,243.0,515.0,375.0,49.0,3110.0,352.0,250.0,450.0,0.0,2700,175.0,130.0,301.0,0.0,70.0,2500.0,45.0,425.0,350.0,475.0,55.0,303.0,120.0,183.0,250.0,105.0
1964,275.0,600.0,200.0,20,0.0,690.0,600.0,302.0,370,80.0,1215.0,160.0,440.0,0.0,115.0,244.0,590.0,376.0,53.0,3110.0,362.0,256.0,435.0,0.0,2687,175.0,125.0,301.0,0.0,70.0,2750.0,45.0,230.0,336.0,480.0,60.0,302.0,120.0,178.0,250.0,123.0
1965,277.0,604.0,205.0,20,0.0,585.0,524.0,160.0,370,90.0,1220.0,205.0,440.0,0.0,115.0,246.0,460.0,351.0,53.0,2780.0,378.0,256.0,425.0,0.0,2660,190.0,125.0,267.0,0.0,70.0,2400.0,50.0,565.0,310.0,490.0,60.0,302.0,120.0,178.0,258.0,133.0
1966,300.0,572.0,210.0,25,0.0,580.0,544.0,190.0,375,90.0,1400.0,215.0,480.0,0.0,115.0,227.0,435.0,346.0,59.0,3800.0,383.0,256.0,425.0,0.0,3090,175.0,120.0,259.0,0.0,70.0,2600.0,50.0,617.0,310.0,510.0,40.0,303.0,110.0,176.0,212.0,135.0
1967,351.0,612.0,210.0,25,0.0,595.0,547.0,195.0,370,90.0,1420.0,220.0,490.0,0.0,115.0,231.0,430.0,347.0,72.0,3900.0,383.0,418.0,425.0,0.0,3380,170.0,120.0,259.0,0.0,70.0,2710.0,50.0,645.0,297.0,530.0,45.0,305.0,105.0,176.0,190.0,136.0
1968,357.0,620.0,210.0,25,0.0,570.0,528.0,215.0,370,90.0,1480.0,195.0,490.0,0.0,115.0,235.0,430.0,348.0,80.0,4100.0,410.0,447.0,410.0,0.0,3550,185.0,120.0,250.0,0.0,75.0,2800.0,45.0,735.0,257.0,535.0,45.0,310.0,105.0,175.0,190.0,136.0
1969,390.0,620.0,225.0,25,0.0,570.0,555.0,225.0,365,90.0,1510.0,230.0,485.0,0.0,115.0,236.0,435.0,358.0,82.0,4200.0,410.0,477.0,390.0,0.0,3460,180.0,120.0,210.0,0.0,75.0,2830.0,45.0,892.0,257.0,545.0,45.0,312.0,100.0,175.0,190.0,173.0
1970,390.0,645.0,245.0,25,0.0,570.0,522.0,230.0,365,95.0,1550.0,255.0,510.0,0.0,110.0,236.0,435.0,358.0,86.0,4300.0,438.0,452.0,390.0,0.0,3070,180.0,115.0,222.0,0.0,75.0,2850.0,45.0,1000.0,257.0,540.0,45.0,314.0,95.0,175.0,211.0,174.0
1971,404.0,638.0,255.0,25,0.0,565.0,540.0,245.0,365,105.0,1560.0,315.0,505.0,0.0,110.0,234.0,435.0,358.0,86.0,3900.0,450.0,455.0,370.0,0.0,2720,180.0,110.0,222.0,0.0,75.0,2970.0,45.0,1060.0,258.0,610.0,45.0,315.0,85.0,189.0,218.0,175.0
1972,350.0,635.0,265.0,25,0.0,560.0,550.0,255.0,365,105.0,1590.0,390.0,505.0,0.0,105.0,233.0,510.0,356.0,86.0,4000.0,460.0,625.0,370.0,0.0,2323,180.0,115.0,221.0,0.0,75.0,3040.0,45.0,1100.0,258.0,610.0,50.0,318.0,90.0,189.0,218.0,191.0
1973,466.0,634.0,285.0,25,0.0,581.0,503.0,276.0,365,105.0,1620.0,390.0,465.0,0.0,107.0,233.0,548.0,310.0,71.0,4000.0,470.0,630.0,377.0,0.0,2206,184.0,111.0,223.0,0.0,75.0,3250.0,39.0,1090.0,258.0,563.0,50.0,328.0,82.0,177.0,192.0,198.0
1974,395.0,634.0,310.0,25,0.0,585.0,493.0,282.0,375,110.0,1620.0,410.0,475.0,0.0,105.0,237.0,534.0,270.0,68.0,4100.0,470.0,665.0,359.0,0.0,2146,186.0,110.0,218.0,0.0,75.0,4300.0,35.0,980.0,262.0,574.0,45.0,366.0,82.0,174.0,218.0,202.0
1975,502.0,630.0,385.0,25,0.0,585.0,504.0,104.0,375,155.0,1670.0,400.0,491.0,0.0,103.0,237.0,459.0,260.0,70.0,4100.0,470.0,643.0,348.0,0.0,2098,185.0,107.0,210.0,0.0,75.0,4300.0,34.0,570.0,270.0,584.0,50.0,435.0,78.0,175.0,220.0,209.0
1976,604.0,610.0,420.0,25,0.0,585.0,475.0,83.0,368,190.0,1440.0,400.0,493.0,0.0,103.0,236.0,455.0,257.0,71.0,4200.0,500.0,637.0,337.0,0.0,2075,186.0,106.0,210.0,0.0,66.0,4300.0,31.0,0.0,275.0,674.0,65.0,435.0,78.0,177.0,220.0,210.0
1977,588.0,600.0,350.0,19,0.0,584.0,460.0,80.0,373,140.0,1270.0,350.0,495.0,0.0,107.0,236.0,475.0,260.0,70.0,3900.0,520.0,615.0,326.0,0.0,2060,187.0,103.0,180.0,0.0,69.0,4300.0,32.0,0.0,266.0,771.0,225.0,370.0,78.0,186.0,208.0,208.0
1978,518.0,600.0,350.0,19,0.0,581.0,471.0,82.0,372,362.0,1300.0,447.0,491.0,0.0,109.0,239.0,489.0,250.0,70.0,3900.0,632.0,660.0,320.0,0.0,2060,186.0,106.0,183.0,0.0,69.0,4500.0,33.0,0.0,266.0,721.0,233.0,382.0,79.0,187.0,209.0,212.0
1979,544.0,638.0,415.0,23,0.0,578.0,468.0,81.0,374,444.0,1286.0,447.0,492.0,0.0,107.0,239.0,490.0,250.0,70.0,3900.0,692.0,650.0,324.0,0.0,2033,187.0,107.0,187.0,0.0,68.0,4600.0,33.0,0.0,264.0,698.0,250.0,399.0,79.0,187.0,210.0,212.0
1980,467.0,600.0,305.0,23,0.0,575.0,465.0,88.0,356,430.0,1104.0,447.0,490.0,0.0,108.0,242.0,500.0,250.0,71.0,3900.0,700.0,900.0,330.0,0.0,2050,186.0,107.0,190.0,0.0,70.0,4650.0,33.0,0.0,260.0,717.0,250.0,408.0,82.0,188.0,211.0,179.0
1981,560.0,606.0,260.0,23,0.0,575.0,461.0,88.0,366,392.0,1104.0,447.0,493.0,0.0,110.0,241.0,505.0,265.0,72.0,3900.0,768.0,1000.0,341.0,0.0,2101,188.0,108.0,194.0,0.0,70.0,4750.0,33.0,0.0,260.0,741.0,240.0,414.0,81.0,188.0,212.0,210.0
1982,588.0,601.0,240.0,23,0.0,578.0,457.0,91.0,372,404.0,1120.0,447.0,495.0,0.0,109.0,243.0,517.0,280.0,73.0,3900.0,782.0,1000.0,335.0,0.0,2168,186.0,106.0,198.0,0.0,70.0,4350.0,32.0,0.0,259.0,769.0,240.0,420.0,81.0,188.0,213.0,210.0
1983,479.0,602.0,240.0,28,0.0,578.0,464.0,93.0,355,434.0,1104.0,447.0,496.0,0.0,109.0,241.0,498.0,269.0,73.0,3900.0,784.0,1029.0,333.0,0.0,2201,177.0,104.0,202.0,0.0,68.0,4100.0,30.0,0.0,259.0,824.0,240.0,426.0,81.0,189.0,232.0,179.0
1984,479.0,602.0,335.0,25,0.0,571.0,484.0,100.0,342,788.0,1120.0,466.0,487.0,0.0,107.0,241.0,508.0,281.0,71.0,3900.0,784.0,1227.0,336.0,0.0,2222,197.0,103.0,206.0,0.0,69.0,4100.0,31.0,0.0,259.0,815.0,190.0,434.0,82.0,189.0,236.0,181.0
1985,483.0,600.0,345.0,23,0.0,563.0,444.0,102.0,314,788.0,1260.0,466.0,495.0,0.0,107.0,241.0,504.0,278.0,70.0,3900.0,784.0,1027.0,334.0,0.0,2244,201.0,103.0,210.0,0.0,69.0,4100.0,29.0,0.0,258.0,814.0,240.0,439.0,83.0,189.0,237.0,186.0
1986,483.0,604.0,345.0,21,0.0,558.0,424.0,101.0,314,800.0,1260.0,400.0,495.0,0.0,107.0,245.0,529.0,284.0,71.0,3900.0,838.0,1260.0,331.0,0.0,2269,202.0,106.0,214.0,0.0,66.0,4030.0,28.0,0.0,234.0,860.0,300.0,443.0,85.0,190.0,238.0,186.0
1987,481.0,604.0,350.0,20,0.0,559.0,424.0,105.0,314,900.0,1260.0,450.0,495.0,0.0,109.0,244.0,504.0,284.0,70.0,3900.0,838.0,1260.0,328.0,0.0,2280,199.0,106.0,215.0,0.0,66.0,3530.0,28.0,0.0,234.0,879.0,300.0,441.0,86.0,191.0,248.0,186.0
1988,481.0,626.0,654.0,23,0.0,558.0,406.0,104.0,304,1000.0,1360.0,452.0,495.0,0.0,110.0,245.0,506.0,284.0,71.0,3900.0,842.0,1250.0,324.0,0.0,2250,199.0,107.0,211.0,0.0,65.0,3780.0,30.0,0.0,229.0,847.0,250.0,430.0,88.0,160.0,220.0,186.0
1989,520.0,647.0,604.0,17,0.0,558.0,406.0,104.0,277,1000.0,1260.0,450.0,503.0,0.0,110.0,247.0,506.0,285.0,70.0,3700.0,1040.0,1250.0,318.0,0.0,2240,201.0,106.0,175.0,0.0,62.0,3900.0,31.0,0.0,225.0,780.0,250.0,350.0,88.0,150.0,207.0,200.0
1990,550.0,650.0,440.0,22,0.0,554.0,370.0,87.0,263,1390.0,1260.0,434.0,545.0,545.0,106.0,250.0,493.0,283.0,68.0,3400.0,1200.0,1050.0,308.0,0.0,2180,201.0,104.0,198.0,0.0,65.0,3500.0,31.0,0.0,180.0,769.0,250.0,313.0,87.0,129.0,126.0,230.0
1991,565.0,750.0,465.0,22,0.0,554.0,370.0,86.0,246,475.0,1260.0,434.0,0.0,457.0,101.0,250.0,473.0,278.0,68.0,3000.0,1200.0,1040.0,301.0,0.0,2110,205.0,104.0,154.0,0.0,63.0,3200.0,30.0,0.0,169.0,804.0,120.0,305.0,86.0,107.0,201.0,286.0
1992,580.0,750.0,528.0,31,0.0,542.0,360.0,80.0,198,407.0,1260.0,424.0,0.0,442.0,79.0,242.0,471.0,283.0,68.0,1900.0,1200.0,857.0,293.0,0.0,1920,208.0,90.0,154.0,0.0,70.0,3160.0,28.0,0.0,137.0,704.0,120.0,270.0,82.0,99.0,172.0,286.0
1993,580.0,750.0,528.0,35,0.0,506.0,442.0,68.0,204,407.0,1260.0,424.0,0.0,398.0,70.0,242.0,450.0,271.0,68.0,1500.0,1100.0,857.0,271.0,0.0,1810,213.0,86.0,0.0,0.0,70.0,3030.0,27.0,0.0,100.0,686.0,120.0,260.0,76.0,52.0,200.0,322.0
1994,580.0,750.0,528.0,39,0.0,506.0,425.0,122.0,213,425.0,1260.0,430.0,0.0,362.0,53.0,233.0,436.0,280.0,65.0,1400.0,1100.0,700.0,257.0,0.0,1710,206.0,77.0,0.0,0.0,70.0,2930.0,28.0,0.0,130.0,811.0,120.0,255.0,75.0,80.0,200.0,322.0
1995,580.0,750.0,530.0,39,0.0,504.0,425.0,78.0,210,450.0,1260.0,430.0,0.0,352.0,47.0,240.0,435.0,280.0,65.0,1400.0,1100.0,650.0,233.0,0.0,1620,213.0,67.0,0.0,0.0,70.0,2930.0,27.0,0.0,130.0,805.0,120.0,250.0,70.0,90.0,200.0,322.0
1996,580.0,670.0,540.0,39,0.0,501.0,400.0,73.0,203,450.0,1260.0,430.0,0.0,339.0,45.0,250.0,431.0,280.0,65.0,1300.0,1100.0,650.0,221.0,0.0,1570,212.0,64.0,0.0,0.0,60.0,2650.0,28.0,0.0,105.0,818.0,100.0,235.0,66.0,80.0,200.0,322.0
1997,610.0,670.0,575.0,39,0.0,475.0,400.0,72.0,197,400.0,1260.0,430.0,0.0,335.0,46.0,250.0,419.0,280.0,65.0,1300.0,1100.0,650.0,218.0,0.0,1530,206.0,57.0,0.0,0.0,60.0,2600.0,29.0,0.0,115.0,820.0,100.0,230.0,61.0,80.0,200.0,322.0
1998,590.0,670.0,460.0,39,0.0,449.0,370.0,71.0,189,420.0,1300.0,430.0,0.0,333.0,43.0,255.0,402.0,280.0,65.0,1000.0,1000.0,640.0,218.0,0.0,1510,202.0,55.0,0.0,0.0,55.0,2600.0,25.0,0.0,105.0,788.0,200.0,230.0,60.0,75.0,200.0,322.0
1999,590.0,665.0,460.0,39,0.0,421.0,370.0,71.0,155,420.0,1300.0,430.0,0.0,331.0,42.0,240.0,391.0,296.0,55.0,900.0,1000.0,485.0,218.0,0.0,1490,204.0,54.0,0.0,0.0,52.0,2400.0,27.0,0.0,105.0,789.0,300.0,187.0,60.0,70.0,170.0,345.0
2000,612.0,683.0,513.0,28,0.0,294.0,370.0,45.0,166,429.0,1303.0,448.0,0.0,221.0,39.0,237.0,251.0,297.0,51.0,1004.0,1055.0,484.0,212.0,0.0,1366,159.0,52.0,0.0,0.0,53.0,2810.0,22.0,0.0,98.0,610.0,352.0,217.0,59.0,80.0,207.0,344.0
2001,620.0,683.0,513.0,27,0.0,274.0,370.0,44.0,144,424.0,1263.0,443.0,0.0,308.0,39.0,240.0,230.0,297.0,51.0,977.0,1082.0,484.0,211.0,0.0,1368,159.0,50.0,0.0,0.0,34.0,2310.0,21.0,0.0,106.0,515.0,252.0,206.0,57.0,77.0,103.0,344.0
2002,620.0,686.0,520.0,28,0.0,260.0,370.0,44.0,178,389.0,1298.0,443.0,0.0,296.0,39.0,240.0,216.0,297.0,51.0,988.0,1082.0,484.0,210.0,0.0,1414,178.0,50.0,0.0,0.0,34.0,2270.0,23.0,0.0,75.0,515.0,252.0,163.0,52.0,68.0,99.0,444.0
2003,620.0,686.0,540.0,28,0.0,259.0,290.0,45.0,151,389.0,1325.0,450.0,0.0,284.0,41.0,240.0,200.0,302.0,54.0,961.0,1082.0,484.0,213.0,0.0,1427,178.0,53.0,0.0,0.0,28.0,2250.0,23.0,0.0,74.0,515.0,164.0,163.0,52.0,51.0,104.0,488.0
2004,620.0,687.0,480.0,16,0.0,257.0,290.0,45.0,149,284.0,1325.0,459.0,0.0,284.0,39.0,240.0,196.0,302.0,53.0,999.0,1094.0,484.0,209.0,0.0,1450,171.0,53.0,0.0,0.0,28.0,2253.0,22.0,0.0,70.0,515.0,173.0,152.0,57.0,51.0,101.0,458.0
2005,619.0,688.0,420.0,4,0.0,255.0,290.0,45.0,147,180.0,1325.0,469.0,0.0,285.0,37.0,240.0,192.0,302.0,53.0,1037.0,1106.0,484.0,206.0,0.0,1474,164.0,53.0,0.0,0.0,28.0,2255.0,21.0,0.0,65.0,515.0,183.0,142.0,62.0,51.0,97.0,428.0
2006,619.0,688.0,545.0,4,0.0,255.0,290.0,45.0,147,227.0,1325.0,469.0,0.0,285.0,37.0,260.0,191.0,302.0,53.0,1027.0,1106.0,455.0,217.0,0.0,1546,164.0,53.0,0.0,0.0,28.0,2255.0,21.0,0.0,65.0,515.0,183.0,142.0,62.0,51.0,97.0,376.0
2007,619.0,687.0,545.0,4,0.0,255.0,290.0,44.0,147,227.0,1316.0,469.0,0.0,246.0,40.0,240.0,191.0,302.0,52.0,1027.0,1106.0,455.0,191.0,0.0,1506,147.0,53.0,0.0,0.0,28.0,2255.0,22.0,0.0,40.0,515.0,153.0,142.0,63.0,51.0,70.0,375.0
2008,619.0,687.0,545.0,23,0.0,255.0,290.0,43.0,149,495.0,1288.0,469.0,0.0,246.0,40.0,240.0,186.0,302.0,51.0,1027.0,1106.0,455.0,181.0,0.0,1498,157.0,46.0,0.0,0.0,24.0,2105.0,30.0,0.0,24.0,510.0,138.0,127.0,64.0,40.0,74.0,406.0
2009,617.0,687.0,523.0,23,0.0,353.0,290.0,43.0,222,577.0,1281.0,469.0,0.0,244.0,39.0,230.0,293.0,302.0,55.0,1027.0,1106.0,455.0,160.0,0.0,1540,157.0,41.0,0.0,0.0,17.0,2185.0,30.0,0.0,24.0,511.0,138.0,122.0,64.0,41.0,73.0,406.0
2010,617.0,687.0,523.0,22,0.0,353.0,290.0,43.0,128,578.0,1325.0,469.0,0.0,251.0,38.0,230.0,293.0,302.0,55.0,1027.0,1106.0,455.0,175.0,0.0,1580,157.0,47.0,0.0,0.0,13.0,2285.0,27.0,0.0,29.0,511.0,138.0,100.0,66.0,35.0,73.0,406.0
2011,617.0,655.0,523.0,26,0.0,239.0,290.0,43.0,142,246.0,1325.0,469.0,0.0,251.0,38.0,248.0,185.0,302.0,57.0,1046.0,1190.0,455.0,178.0,0.0,1564,139.0,37.0,0.0,0.0,21.0,2285.0,19.0,0.0,29.0,511.0,138.0,100.0,66.0,31.0,72.0,406.0
2012,642.0,655.0,523.0,25,0.0,239.0,290.0,43.0,143,271.0,1325.0,439.0,0.0,251.0,34.0,248.0,185.0,302.0,57.0,956.0,1190.0,482.0,174.0,0.0,1569,146.0,37.0,0.0,0.0,20.0,2285.0,19.0,0.0,29.0,511.0,138.0,100.0,66.0,31.0,74.0,406.0
2013,642.0,655.0,523.0,23,0.0,229.0,290.0,43.0,136,271.0,1325.0,439.0,0.0,196.0,33.0,247.0,181.0,396.0,57.0,845.0,1190.0,482.0,166.0,0.0,1520,144.0,37.0,0.0,0.0,21.0,2285.0,16.0,0.0,28.0,511.0,138.0,96.0,66.0,31.0,71.0,406.0
2014,644.0,655.0,523.0,23,0.0,222.0,290.0,43.0,135,271.0,1325.0,439.0,0.0,186.0,31.0,247.0,176.0,396.0,56.0,845.0,1190.0,482.0,169.0,0.0,1492,143.0,37.0,0.0,0.0,15.0,2333.0,17.0,0.0,28.0,511.0,138.0,99.0,66.0,31.0,71.0,406.0
2015,644.0,655.0,523.0,21,0.0,215.0,290.0,35.0,133,178.0,1346.0,439.0,0.0,182.0,31.0,247.0,176.0,396.0,57.0,771.0,1190.0,482.0,159.0,0.0,1433,145.0,37.0,0.0,0.0,15.0,2333.0,17.0,0.0,28.0,511.0,138.0,99.0,66.0,31.0,71.0,406.0
2016,644.0,628.0,523.0,21,0.0,209.0,215.0,33.0,122,64.0,1346.0,439.0,0.0,179.0,31.0,247.0,175.0,396.0,57.0,798.0,1190.0,482.0,155.0,0.0,1381,143.0,36.0,0.0,0.0,30.0,2333.0,17.0,0.0,28.0,511.0,138.0,99.0,66.0,31.0,71.0,406.0
