,alan jackson,chicago,bon jovi,ed sheeran,willie nelson,dj khaled,eric church,demi lovato,enya,shania twain,bob dylan,john denver,luther vandross,kendrick lamar,john mellencamp,lil nas x,miley cyrus,jay-z,post malone,fleetwood mac,miranda lambert,rihanna,2 pac,michael jackson,the beatles,polo g,phil collins,drake,fall out boy,harry styles,led zeppelin,a boogie wit da hoodie,foreigner,g-eazy,bee gees,simon & garfunkel,thomas rhett,ariana grande,motley crue,boston,kenny rogers,hootie & the blowfish,pearl jam,wiz khalifa,kodak black,michael bolton,jason aldean,meek mill,pink floyd,ac/dc,sam hunt,nicki minaj,mariah carey,mannheim steamroller,blake shelton,james taylor,future,the doors,tom petty & the heartbreakers,kanye west,jason derulo,bryson tiller,lil uzi vert,rae sremmurd,the chicks,cardi b,barry manilow,sam smith,florida georgia line,aerosmith,britney spears,bruno mars,santana,journey,carrie underwood,flo rida,linda ronstadt,the rolling stones,nirvana,meghan trainor,eric clapton,eagles,lil baby,bob seger & the silver bullet band,pitbull,u2,faith hill,zac brown band,elton john,metallica,dave matthews band,shawn mendes,reba mc entire,boyz ii men,kenny chesney,rush,maroon 5,queen,luke bryan,logic,lynyrd skynyrd,tim mcgraw,xxxtentacion,halsey,barbra streisand,steve miller band,the weeknd,whitney houston,lady gaga,n sync,morgan wallen,dababy,billy joel,train,madonna,travis scott,katy perry,billie eilish,backstreet boys,def leppard,chris brown,imagine dragons,big sean,kane brown,garth brooks,elvis presley,panic! at the disco,janet jackson,r. kelly,keith urban,creedence clearwater revival,guns n' roses,adele,alicia keys,alabama,ozzy osbourne,justin bieber,neil diamond,celine dion,taylor swift,beyonce,rod stewart,red hot chili peppers,lil wayne,kesha,lana del rey,jeremih,j. cole,twenty one pilots,khalid,george strait,linkin park,bruce springsteen,van halen,the chainsmokers,john mayer,frank sinatra,eminem,juice wrld
01/01/1969,0,555357.1429,0,0,0,0,0,0,0,0,273129.961,0,0,0,0,0,0,0,0,0,0,0,0,0,3284105.14,0,0,0,0,0,1064952.904,0,0,0,567567.5676,446520.347,0,0,0,0,0,0,0,0,0,0,0,0,0,0,0,0,0,0,0,0,0,588529.834,0,0,0,0,0,0,0,0,0,0,0,0,0,0,592307.6923,0,0,0,0,1441655.126,0,0,0,0,0,0,0,0,0,0,0,0,0,0,0,0,0,0,0,0,0,0,0,0,0,0,108041.346,0,0,0,0,0,0,0,0,0,0,0,0,0,0,0,0,0,0,0,0,2042818.347,0,0,0,0,0,0,0,0,0,0,0,1010000,0,0,0,0,0,0,0,0,0,0,0,0,0,0,0,0,0,0,277532.369,0,0
01/01/1970,0,1013953.055,0,0,0,0,0,0,0,0,1656258.305,0,0,0,0,0,0,0,0,0,0,0,0,0,8662905.94,0,0,0,0,0,2186248.398,0,0,0,342861.2945,2076524.938,0,0,0,0,0,0,0,0,0,0,0,0,0,0,0,0,0,0,0,813978.4946,0,1390286.416,0,0,0,0,0,0,0,0,0,0,0,0,0,0,784949.1902,0,0,0,0,798506.696,0,0,0,0,0,0,0,0,0,0,0,0,0,0,0,0,0,0,0,0,0,0,0,0,0,0,242890.829,0,0,0,0,0,0,0,0,0,0,0,0,0,0,0,0,0,0,0,0,2546708.55,0,0,0,0,6418145.161,0,0,0,0,0,0,2106881.851,0,0,0,0,0,0,0,0,0,0,0,0,0,0,0,0,0,0,1025333.241,0,0
01/01/1971,0,734027.377,0,0,0,0,0,0,0,0,682861.207,1465886.234,0,0,0,0,0,0,0,0,0,0,0,0,1257639.5,0,0,0,0,0,960194.149,0,0,0,625374.2275,496765.836,0,0,0,0,0,0,0,0,0,0,0,0,0,0,0,0,0,0,0,1215374.242,0,1020123.906,0,0,0,0,0,0,0,0,0,532825.1783,0,0,0,0,836127.011,0,0,0,0,1045428.362,0,0,0,0,0,0,0,0,0,0,1898185.484,0,0,0,0,0,0,0,0,0,0,0,0,0,0,0,1259998.617,0,0,0,0,0,0,0,0,0,0,0,0,0,0,0,0,0,0,0,0,674947.49,0,0,0,0,2992900.368,0,0,0,0,0,0,594937,0,0,0,1153041.164,0,0,0,0,0,0,0,0,0,0,0,0,0,0,90258.924,0,0
01/01/1972,0,1340703.658,0,0,0,0,0,0,0,0,366421.318,621442.526,0,0,0,0,0,0,0,0,0,0,0,0,1295783.33,0,0,0,0,0,1570323.803,0,0,0,117675.419,4654749.473,0,0,0,0,0,0,0,0,0,0,0,0,0,0,0,0,0,0,0,577234.505,0,557421.881,0,0,0,0,0,0,0,0,0,52012.1302,0,0,0,0,2177810.432,0,0,0,0,2131895.998,0,0,619585.6874,0,0,0,0,0,0,0,1046494.216,0,0,0,0,0,0,0,0,0,0,0,0,0,0,0,472263.901,0,0,0,0,0,0,0,0,0,0,0,0,0,0,0,0,0,0,0,0,1895321.29,0,0,0,0,2142188.316,0,0,0,0,0,0,1865957.282,0,0,0,601941.67,0,0,0,0,0,0,0,0,0,0,0,0,0,0,92996.449,0,0
01/01/1973,0,1233002.767,0,0,0,0,0,0,0,0,497457.184,1341006.214,0,0,0,0,0,0,0,0,0,0,0,0,4404171.39,0,0,0,0,0,1403562.902,0,0,0,124350.987,4182436.71,0,0,0,0,562800.9763,0,0,0,0,0,0,0,2196444.487,0,0,0,0,0,0,467278.44,0,93702.202,0,0,0,0,0,0,0,0,0,54962.708,0,0,0,0,2212680.043,0,0,0,0,2400011.89,0,0,225517.8907,0,0,0,0,0,0,0,1850730.291,0,0,0,0,0,0,0,0,0,0,0,0,0,0,0,603031.658,754273.5043,0,0,0,0,0,0,0,0,0,0,0,0,0,0,0,0,0,0,0,2093247.66,0,0,0,0,760320.79,0,0,0,0,0,0,765659.623,0,0,0,398083.815,0,0,0,0,0,0,0,0,0,0,0,0,0,0,98272.012,0,0
01/01/1974,0,1290304.222,0,0,0,0,0,0,0,0,1893664.545,3922618.692,0,0,0,0,0,0,0,0,0,0,0,0,2085548.66,0,0,0,0,0,1409337.783,0,0,0,135027.258,2891079.36,0,0,0,0,91496.8005,0,0,0,0,0,0,0,1173565.066,0,0,0,0,0,0,499768.317,0,101747.093,0,0,0,0,0,0,0,0,0,59681.5834,0,0,0,0,1088767.696,0,0,0,0,1103532.96,0,0,676922.8296,1774684.734,0,0,0,0,0,0,3448377.405,0,0,0,0,0,0,0,0,0,0,0,1169186.282,0,0,0,1361977.143,440227.5012,0,0,0,0,0,0,0,0,0,0,0,0,0,0,0,0,0,0,0,649461.3,0,0,0,0,606454.53,0,0,0,0,0,0,1425528.986,0,0,0,217447.327,0,0,0,0,0,0,0,0,0,0,0,0,0,0,106709.249,0,0
01/01/1975,0,1245101.048,0,0,0,0,0,0,0,0,991857.495,6650967.342,0,0,0,0,0,0,0,937301.5873,0,0,0,0,2257000.34,0,0,0,0,0,2698663.977,0,0,0,605860.283,2104252.79,0,0,0,0,118006.2763,0,0,0,0,0,0,0,920191.999,0,0,0,0,0,0,612109.411,0,131226.4,0,0,0,0,0,0,0,0,1613408.521,76973.1989,0,2549111.999,0,0,778395.292,0,0,0,1801313.724,1676612.91,0,0,112932.901,1460097.275,0,0,0,0,0,0,6651521.095,0,0,0,0,0,0,0,0,719387.7551,0,0,1045789.195,0,0,0,1229759.229,236085.972,0,0,0,0,0,0,540714.2857,0,0,0,0,0,0,0,0,0,0,0,0,803499.97,0,0,0,0,782163.31,0,0,0,0,0,0,526766.889,0,0,0,297495.51,0,0,0,0,0,0,0,0,0,0,595238.0952,0,0,0,137626.246,0,0
01/01/1976,0,3110822.491,0,0,712108.4422,0,0,0,0,0,1905436.759,3454877.55,0,0,0,0,0,0,0,2175250.627,0,0,0,0,3949855.97,0,0,0,0,0,10750677.87,0,0,0,1997354.497,1387885.28,0,0,0,1461038.961,164202.3126,0,0,0,0,0,0,0,1127624.979,0,0,0,0,0,0,1277674.258,0,182597.73,0,0,0,0,0,0,0,0,2248186.255,107105.9749,0,1979827.636,0,0,1181923.72,0,0,0,2027209.967,2096497.07,0,0,157142.857,5221538.459,0,799319.7279,0,0,0,0,5259809.71,0,0,0,0,0,0,0,0,1489361.981,0,0,1291977.955,0,0,0,1807996.035,1135459.973,0,0,0,0,0,0,259285.7143,0,0,0,0,0,0,0,0,0,0,0,0,1115175.21,0,0,0,0,418007.17,0,0,0,0,0,0,1778942.523,0,0,0,1731930.951,0,0,0,0,0,0,0,0,0,0,443223.4435,0,0,0,191069.779,0,0
01/01/1977,0,2114793.46,0,0,305871.611,0,0,0,0,0,461686.4,2457770.78,0,0,0,0,0,0,0,5287299.847,0,0,0,0,10886817.64,0,0,0,0,0,1534873.92,0,1412698.413,0,2851190.476,2493441.47,0,0,0,2827922.077,1275267.835,0,0,0,0,0,0,0,2367677.29,0,0,0,0,0,0,2245486.509,0,219066.974,0,0,0,0,0,0,0,0,2661067.148,128497.6641,0,2046842.202,0,0,1806835.002,0,0,0,2449936.61,1143348.34,0,0,188528.138,6945586.402,0,1788367.933,0,0,0,0,3181186.87,0,0,0,0,0,0,1627346.096,0,1805855.102,0,0,2266367.806,0,0,0,3617982.29,3217897.285,0,0,0,0,0,0,704821.4286,0,0,0,0,0,0,0,0,0,0,0,0,11219057.06,0,0,0,0,439445.58,0,0,0,0,0,0,2856510.07,0,0,0,1241593.989,0,0,0,0,0,0,0,0,0,0,583549.353,0,0,0,227332.333,0,0
01/01/1978,0,2223588.62,0,0,2529552.38,0,0,0,0,0,732690.84,2618844.48,0,0,0,0,0,0,0,1920057.317,0,0,0,0,1414611.99,0,0,0,0,0,1616757.36,0,4609854.175,0,7913675.213,3119809.33,0,0,0,2291548.01,2560026.07,0,0,0,0,0,0,0,910150.853,0,0,0,0,0,0,844441.472,0,230753.899,736764.7059,0,0,0,0,0,0,0,5042999.004,135352.84,0,2351289.825,0,0,1358228.94,1404861.111,0,0,2897536.419,4077643.02,0,0,2281998.72,2069638.61,0,2741932.49,0,0,0,0,2870770,0,0,0,0,0,0,750615.861,0,2767995.531,0,0,2612520.763,0,0,0,3741921.09,1294034.033,0,0,0,0,0,0,3730809.524,0,0,0,0,0,0,0,0,0,0,0,0,1870481.7,0,0,0,0,462889.41,0,0,0,0,0,0,2442389.94,0,0,0,2971644.876,0,0,0,0,0,0,0,0,0,0,1955485.465,1636000,0,0,239460.204,0,0
01/01/1979,0,639926.71,0,0,1963998.82,0,0,0,0,0,398040.21,1835610.87,0,0,0,0,0,0,0,766655.64,0,0,0,1695987.654,564837.44,0,0,0,0,0,645551.64,0,1210322.3,0,6342948.72,326739.93,0,0,0,551706.827,3179236.196,0,0,0,0,0,0,0,363412.218,563596.4912,0,0,0,0,0,374850.642,0,92137.238,192401.9608,0,0,0,0,0,0,0,1287568.41,54044.751,0,754261.833,0,0,316926.81,944484.191,0,0,610150.012,611610.15,0,0,222002.263,826381.64,0,727455.549,0,0,0,0,1051986.61,0,0,0,0,0,0,493594.166,0,727851.423,0,0,535557.659,0,0,0,2911514.65,290648.325,0,0,0,0,0,0,1013231.082,0,0,0,0,0,0,0,0,0,0,0,0,185919.13,0,0,0,0,184826.13,0,0,0,0,0,0,600534.05,0,0,0,2837206.179,0,0,0,0,0,0,0,0,0,0,415460.409,1566869.919,0,0,95613.56,0,0
01/01/1980,0,461554.05,0,0,3180597.92,0,0,0,0,0,1018877.53,1008933.38,0,0,0,0,0,0,0,3349818.12,0,0,0,1228424.145,1049626.26,0,0,0,0,0,1864973.29,0,1400418.844,0,1359149.82,1698009.03,0,0,0,1025225.903,5279149.181,0,0,0,0,0,0,0,3693018.973,4046603.052,0,0,0,0,0,774106.976,0,1352536.189,1049917.596,0,0,0,0,0,0,0,1802554.77,100430.292,0,1415171.536,0,0,588938.84,1904285.32,0,0,1585466.432,1583937.63,0,0,583286.199,4845384.21,0,1925014.131,0,0,0,0,2617195.82,0,0,0,0,0,0,627295.184,0,2382987.065,0,0,3634528.686,0,0,0,6579301.37,540106.043,0,0,0,0,0,0,6001083.249,0,0,0,0,0,0,0,0,0,0,0,0,345489.84,0,0,0,0,343458.76,0,0,0,0,0,0,2840034.43,0,0,0,1547875.11,0,0,0,0,0,0,0,0,0,0,762285.6,2571697.155,0,0,440618.394,0,0
01/01/1981,0,360225.73,0,0,2564879.513,0,0,0,0,0,235684.83,1887948.71,551851.8519,0,0,0,0,0,0,2830879.63,0,0,0,338955.128,819194.17,0,683850.9317,0,0,0,1460937.32,0,2851392.858,0,582425.6,831519.94,0,0,0,800150.603,3626115.35,0,0,0,0,0,0,0,1243052.14,5584961.218,0,0,0,0,0,343139.744,0,1373386.5,1229430.077,0,0,0,0,0,0,0,1575200.47,78382.1,0,453512.45,0,0,296796.82,4269766.797,0,0,548373.04,3304016.71,0,0,293493.525,2265601.7,0,1907594.614,0,0,0,0,605022.46,0,0,0,0,0,0,2553317.911,0,1660392.888,0,0,423634.21,0,0,0,3191418.09,433458.667,0,0,0,0,0,0,3435996.2,0,0,0,0,0,0,0,0,0,0,0,0,269641.94,0,0,0,0,268056.76,0,0,0,2576825.397,1135294.118,0,2741828.43,0,0,0,2113500.76,0,0,0,0,0,0,0,0,0,0,428314.321,2413136.857,0,0,417144.439,0,0
01/01/1982,0,2417818.47,0,0,3286921.94,0,0,0,0,0,238168.99,917621.9,737876.1574,0,2819940.476,0,0,0,0,2428509.84,0,0,0,342527.778,1671638.82,0,317598.3436,0,0,0,1476335.87,0,3276244.69,0,588564.48,449539.32,0,0,0,808584.338,2771120.06,0,0,0,0,0,0,0,2159796.28,1393515.17,0,0,0,0,0,213299.86,0,533740.72,532638.889,0,0,0,0,0,0,0,1077584.52,79208.261,0,288312.04,0,0,155320.24,2284449.019,0,0,672379.31,1698075.93,0,0,95366.38,2254512.11,0,2337129.265,0,0,0,0,715735.11,0,0,0,0,0,0,1793541.401,0,1626283.23,0,0,252938.79,0,0,0,1749828.85,4041823.967,0,0,0,0,0,0,3935125.59,0,0,0,0,0,0,589743.5897,0,0,0,0,0,272484.02,0,0,0,0,565755.33,0,0,0,2889503.968,1550728.486,0,4935546.42,0,0,0,1574861.15,0,0,0,0,0,0,0,0,0,0,444540.318,2144999.997,0,0,49984.28,0,0
01/01/1983,0,592854.93,0,0,4333720.8,0,0,0,0,0,204333.39,682123.08,813085.937,0,974117.772,0,0,0,0,1655371.09,0,0,0,19775922.51,1788392.08,0,575330.894,0,0,0,2101562.54,0,1811197.57,0,608997.14,240302.95,0,0,0,693712.35,9080861.23,0,0,0,0,0,0,0,1788565.5,960358.96,0,0,0,0,0,182997.3,0,457914.54,141224.022,0,0,0,0,0,0,0,1425290.16,67955.495,0,247352.84,0,0,133254.58,2458193.97,0,0,2012501.58,3036566.43,0,0,81818.101,458861.47,0,1189265.98,0,861201.2987,0,0,967486.17,0,0,0,0,0,0,810486.455,0,613345.99,0,0,217004.9,0,0,0,1345281.61,143142.63,0,0,0,0,0,0,4406833.71,0,0,0,0,0,0,4874351.839,0,0,0,0,0,6605290.81,0,0,0,0,547906.58,0,0,0,2347775.216,825974.348,0,813427.54,0,0,0,408581.09,0,0,0,0,0,0,0,0,0,0,885110.415,1096726.19,0,0,42883.23,0,0
01/01/1984,0,3149665.88,0,0,4253752.79,0,0,0,0,0,137017.74,61916.17,721102.151,0,1683037.932,0,0,0,0,1537718.43,0,0,0,5055305.59,1463377.8,0,522436.225,0,0,0,2436286.11,0,3126324.68,0,840333.46,278129.75,0,0,4439062.5,802911.65,3818481.78,0,0,0,0,0,0,0,1568732.74,2115466.52,0,0,0,0,0,342637.29,0,529996.21,304193.831,0,0,0,0,0,0,0,1344916.88,78652.57,0,372566.65,0,0,154230.57,2618192.73,0,0,2396595.72,2025123.32,0,0,94697.328,467153.23,0,1010641.76,0,1207224.026,0,0,1727171.44,0,0,0,0,0,0,1149654.113,0,394825.45,0,0,251164.27,0,0,0,3419507.35,165675.12,0,0,0,0,0,0,3996310.72,0,2291666.667,0,0,0,0,2249761.996,0,0,0,0,0,899218.73,0,0,0,0,634154.16,0,0,0,4510682.205,784418.72,0,1795034.93,0,0,0,875442.46,0,0,0,0,0,0,0,0,604015.5945,0,4149860.418,7122099.65,0,0,49633.6,0,0
01/01/1985,0,2810178.53,931122.449,0,824014.75,0,0,0,0,0,150069.71,76642.26,1607707.206,0,2476816.77,0,0,0,0,360843.94,0,0,0,894904.51,500385.2,0,6020869.236,0,0,0,866203.06,0,4746638.11,0,77882.02,344279.89,0,0,-202716.201,993875.5,2602492.77,0,0,0,0,0,0,0,936344.47,2206834.59,0,0,0,0,0,958746.43,0,656050.08,964449.203,0,0,0,0,0,0,0,634669.01,97359.233,0,766570.75,0,0,190912.65,1236475.22,0,0,1249849.67,1346742.41,0,0,117220.064,578260.59,0,1251011.98,0,1782129.775,0,0,764363.2,0,0,0,0,0,0,1246535.183,0,256454.95,0,0,310900.98,0,0,0,2525098.71,205079.17,0,2576530.612,0,0,0,0,2639261.83,0,8814980.157,0,0,0,0,421147.208,0,0,0,0,0,1113088.19,0,0,0,0,784980.88,0,0,0,5593947.92,936307.447,0,894029.92,0,0,0,168077.53,0,0,0,0,0,0,0,0,1339480.182,0,7591754.64,2674977.42,0,0,61438.43,0,0
01/01/1986,0,2721702.99,4556802.721,0,2004984.92,0,0,0,0,0,183102.73,73909.18,861425.408,0,2006487.28,0,0,0,0,785502.03,0,0,0,452001.04,482541.38,0,1880806.562,0,0,0,835314.11,0,538731.89,0,75104.74,2886704.34,0,0,831639.299,5047188.75,522468.8,0,0,0,0,0,0,0,1191006.18,2281668.47,0,0,0,0,0,848409.29,0,632655.22,294122.522,0,0,0,0,0,0,0,543095.7,93887.386,0,2288055.76,0,0,207282.7,967843.07,0,0,634287,875882.97,0,0,113039.978,557639.72,0,971330.01,0,1273799.058,0,0,797213.94,644217.6871,0,0,0,0,0,942724.12,0,247309.71,0,0,299814.2,0,0,0,3313124.09,197766.01,0,5133751.962,0,0,0,0,3891855.99,0,4111586.56,0,0,0,0,406129.028,0,0,0,0,0,1139721.46,0,3240000,0,0,489339.86,0,0,0,3323409.42,508878.328,0,1444310.37,0,0,0,162083.86,0,0,0,0,0,0,0,0,1527243.303,0,2879947.94,3093834.41,0,0,63202.45,0,0
01/01/1987,0,416441.73,5389864.684,0,1246478.16,0,0,0,0,0,389752.86,76959.7,691483.854,0,1863437.703,0,0,0,0,1922549.89,0,0,0,5379800.13,502457.72,0,724701.08,0,0,0,869790.73,0,560967.42,0,78204.6,3526604.43,0,0,2905783.616,1155585.51,544033.09,0,0,0,0,0,0,0,4246634.04,2123270.31,0,0,0,0,0,648021.35,0,428302.02,598582.159,0,0,0,0,0,0,0,424857.62,97762.479,0,2745789.07,0,0,336057.77,826432.8,0,0,921383.83,676166.33,0,0,948921.009,580655.65,0,892576.5,0,3225641.025,0,0,883184.13,1348814.677,0,0,1625000,0,0,541739.44,0,257517.13,0,0,192435.8,0,0,0,1865092.03,185079.15,0,6996336.992,0,0,0,0,2146992.38,0,4270555.08,0,0,0,0,2592146.384,0,0,0,0,0,1203475.43,0,1024212.272,0,0,460027.62,0,0,0,729030.54,401132.356,0,550147.33,0,0,0,168773.68,0,0,0,0,0,0,0,0,2470073.392,0,4261929.21,2042241.6,0,0,73692.89,0,0
01/01/1988,0,1119722.62,3297892.27,0,436835.06,0,0,0,0,0,424179.72,83757.55,754062.879,0,1193265.3,0,0,0,0,1566075.65,0,0,0,4176701,546839.8,0,788713.91,0,0,0,946619.33,0,1760262.4,0,85112.41,1094520.64,0,0,1444345.532,215992.81,592087.52,0,0,0,0,0,0,0,3269181.81,3054899.46,0,0,0,1787032.967,0,571789.84,0,307568.09,431081.081,0,0,0,0,0,0,0,162608.23,106397.837,0,3244562.42,0,0,365741.75,899431.59,0,0,581795.68,735892.08,0,0,467892.855,631944.95,0,971417.77,0,4849010.993,0,0,2331587.68,2167823.774,0,0,1361211.112,0,0,581374.85,0,280263.63,0,0,71547.62,0,0,0,2127051.96,182808.89,0,1381442.57,0,0,0,0,688016.3,0,1327721.41,0,0,0,0,7824230.06,0,0,0,0,0,1234090.11,0,384434.968,0,0,500661.85,6371428.571,0,0,2337385.51,517920.79,0,598741.83,0,0,0,792773.22,0,0,0,0,0,0,0,0,2344003.569,0,2844363,3111137.97,0,0,80202.19,0,0
01/01/1989,0,1445106.23,2013429.23,0,927980.3,0,0,0,647889.6104,0,2065080.23,100423.12,997717.698,0,862202.34,0,0,0,0,1540481.78,0,0,0,1790005.95,655646.66,0,1944146.98,0,0,0,1134971.89,0,289461.69,0,102047.56,398232.46,0,0,3003268.189,258969.75,1574039.88,0,0,0,0,1192708.333,0,0,5447418.33,683988.64,0,0,0,1136289.378,0,1290531.32,0,368766.13,2152486.827,0,0,0,0,0,0,0,194963.02,127568.232,0,4245960.06,0,0,437460.22,5505971.84,0,0,3204713.89,3999586.98,0,0,504910.69,757685.52,0,3800422.04,0,1977996.15,0,0,2631011.66,2548657.206,0,0,1172646.358,0,0,933411.29,0,811764.68,0,0,85783.73,0,0,0,2895762.53,219183.1,0,388398.55,0,0,0,0,6988649.68,0,4401296.64,0,0,0,0,1337855.13,0,0,0,0,0,1418186.28,0,3999882.729,0,0,600280.51,5828809.521,0,0,1793277.96,1309837.188,0,2411494.79,0,0,0,684045.45,0,0,0,0,0,0,0,0,832496.917,0,2941630.24,2149233.75,0,0,127863.95,0,0
01/01/1990,822393.8224,701514.44,3918403.76,0,1043965.07,0,0,0,237847.8664,0,349866.15,119109.46,3357153.953,0,611394.2,0,0,0,0,691566.37,0,0,0,857264.79,777646.83,0,6950661.72,0,0,0,1714349.1,0,343323.59,0,121036.17,1625802.04,0,0,2412393.15,451773.85,1699457.76,0,0,0,0,2875708.617,0,0,1709380.44,6499517.07,0,0,3929392.447,1326201.008,0,368142.89,0,437384.68,1015409.938,0,0,0,0,0,0,0,228869.45,151305.631,0,3496426.45,0,0,729611.85,613060.62,0,0,1656779.04,2268353.47,0,0,1945329.204,3582449.45,0,1203327.95,0,839639.56,0,0,1401687.1,1138703,0,0,1521107.929,0,0,474412.22,0,1180846.45,0,0,101746.03,0,0,0,1877215.64,259967.83,0,1729230.99,0,0,0,0,3291598.82,0,8026327.01,0,0,0,0,473546.77,0,0,0,0,3842857.143,1682076.85,0,6599740.26,0,0,5266088.79,348843.54,0,0,974696.34,489613.28,0,870871.98,0,0,0,1716009.2,724967.1799,0,0,0,0,0,0,0,2118408.521,0,3697045.82,1005361.06,0,0,227071.3,0,0
01/01/1991,1686072.593,2009497.14,605388.74,0,1574188.81,0,0,0,732050.0926,0,403684.55,137431.55,936468.55,0,705442.34,0,0,0,0,294958.96,0,0,0,956341.59,960390.08,0,2527386.99,0,0,0,5211142.19,0,1704815.87,0,139654.64,3722490.12,0,0,2412114.7,537241.36,812385.48,0,0,0,0,5475646.08,0,0,2685227.98,3860476.55,0,0,7095943.444,2132067.824,0,1939935.04,0,475815.15,1146234.792,0,0,0,0,0,0,0,225541.39,174580.325,0,2397800.84,0,0,574184.88,1792386.24,0,0,1896839.89,961327.86,1881118.881,0,3187006.045,1017791.34,0,2713399.59,0,968797.7,0,0,1006749.32,6199686.549,0,0,2869148.375,4181818.182,0,929032.1,0,5687093.68,0,0,117397.19,0,0,0,1599334.44,2912600.43,0,4600255.53,0,0,0,0,1275273.35,0,3859250.87,0,0,0,0,308211.59,0,0,0,0,10090692.64,9120910.39,0,980393.8,0,0,865073.63,7764914.45,0,0,681064.13,1835692.97,0,1235434.19,0,0,0,2875086.81,457122.2432,0,0,0,0,0,0,0,2856254.56,0,2152834.56,2752010.13,0,0,262000.7,0,0
01/01/1992,2410754.315,207246.28,649896.46,0,1664269.49,0,0,0,3112824.675,0,511565.71,147535.43,756802.67,0,850937.64,0,0,0,0,316644.13,0,0,0,8179652.84,4010391.27,0,850425.63,0,0,0,8303959.27,0,281431.64,0,149921.95,1712276.35,0,0,770665.57,1294497.87,872111.45,0,3973544.974,0,0,6225230.72,0,0,1789378.66,2518604,0,0,1356713.98,1485482.735,0,892135.38,0,498464.64,528228.54,0,0,0,0,0,0,0,242123.02,187415.338,0,1775295.89,0,0,327359.72,1398589.41,0,0,841361.51,827553.03,3887063.756,0,8873711.84,1092618.59,0,473009.21,0,3735585.4,0,0,4816608.63,4086762.02,0,0,1612303.358,3618506.494,0,1641816.38,0,2761138.78,0,0,432607.93,0,0,0,1455309.54,685003.49,0,2054451.32,0,0,0,0,1393877.36,0,3640041.07,0,0,0,0,4181127.96,0,0,0,0,16782347.29,48603092.31,0,484885.11,936657.6819,0,928673.19,3450042.29,0,0,1852455.22,4291037.2,0,2385468.96,1345238.095,0,0,613559.73,3910064.538,0,0,0,0,0,0,0,4069733.06,0,8655617.99,1168788.16,0,0,1368310.79,0,0
01/01/1993,3423003.072,212896.83,1054581.9,0,239248.6,0,0,0,1494341.456,0,626126.18,151557.97,2016690.36,0,976604.93,0,0,0,0,1281256.64,0,0,1862485.471,3729742.38,2105106.49,0,918796.8,0,0,0,9087975.36,0,289104.85,0,154009.56,855353.35,0,0,791677.71,1255203.41,810209.89,0,6842592.591,0,0,1326802.72,0,0,1447710.51,3231671.04,0,0,6899674.99,2263131.314,0,2638710.88,0,678594.59,542630.65,0,0,0,0,0,0,0,312047.42,192525.203,0,5745024.12,0,0,336285.14,2875597.62,0,0,483248.48,1576477.16,2446420.66,0,6362961.28,1309815.67,0,485905.77,0,5038824.98,0,0,3363161.45,1865572.82,0,0,7297307.56,2506442.319,0,2295600.24,0,1455807.79,0,0,345797.24,0,0,0,1175399.96,164981.03,0,15929697.2,0,0,0,0,4250394.08,0,1632433.57,0,0,0,0,1658524.34,0,0,0,0,6432360.6,4812282.6,0,7353593.89,698899.3712,0,953993.39,3848151.22,0,0,1922576.65,2214576.62,0,4422082.56,742999.593,0,0,4097268.06,927511.078,0,0,0,0,0,0,0,3005296.58,0,655840.29,3556740.64,0,0,2624694.2,0,0
01/01/1994,4273981.478,971276.91,4408597.88,0,1262947.2,0,0,0,1332085.253,0,745865.56,160616.6,1831960.12,0,1747850.05,0,0,0,0,3745826.89,0,0,550321.991,2462685.99,2230928.95,0,2325195.83,0,0,0,2182939.84,0,306384.68,0,163214.73,1954904.83,0,0,1212356.59,4386169.07,857079.24,864583.3333,6107004.43,0,0,6990513.98,0,0,6902805.45,935953.77,0,0,8925548.08,2812747.63,0,3673839.25,0,818497.88,5109254.12,0,0,0,0,0,0,0,727358.74,204032.456,0,10187365.04,0,0,381079,3628041.37,0,0,470265.63,3871678.81,5242302.124,0,2802359.76,14741854.93,0,661459.18,0,1787725.14,988636.3636,0,4249499.94,1553773.81,0,0,6472925.05,8347286.93,0,508194.52,0,4525589.53,0,0,229201.19,4628787.879,0,0,3749111.45,174841.97,0,5444906.1,0,0,0,0,8105083.51,0,2731773.27,0,0,0,0,438925.95,0,0,0,0,7453368.91,1465259.3,0,2032165.32,5102638.352,0,1011013.69,4984356.24,0,0,1250110.87,2413778.37,0,2179711.59,4174771.062,0,0,1633437.52,552990.205,0,0,0,0,0,0,0,3977978.6,0,2262871.79,5936737.85,0,0,2195705.79,0,0
01/01/1995,5888068.02,424871.98,4648200.12,0,603007.91,0,0,0,2226597.222,4740000,971296.7,134909.82,1119774.01,0,2912552.69,0,0,0,0,868818.37,0,0,4448951.436,9759058.78,6447901.96,0,560524.46,0,0,0,1833558.97,0,257347.63,0,137092.11,952601.09,0,0,815860.48,457342.52,929257.36,10824479.17,4052258.8,0,0,1840690.11,0,0,4762217.83,3730002.32,0,0,9662711.03,4981418.27,0,258819,0,4755431.99,4070184.33,0,0,0,0,0,0,0,65209.13,171376.936,0,5601030.73,0,0,394647.1,607958.55,0,0,370266.82,2221080.27,6081820.43,0,2421894.99,14723070.42,0,2725716.67,0,9295168.05,1262941.92,0,8646775.89,2161119.22,2862500,0,3821126.4,9114325.89,0,3232161.12,0,1050491.55,0,0,192517.4,2902783.79,0,0,1202826.27,146858.41,0,8430267.14,0,0,0,0,958396.73,0,4636426.04,0,0,0,0,691458.33,0,0,0,0,15769322.04,1230743.6,0,3390568.86,1162274.774,0,849200.32,1835964.95,0,0,2575412.99,1544924.43,0,492055.75,1294661.508,0,0,1243292.06,515918.665,0,0,0,0,0,0,0,4575704.67,0,4300527.56,1816341.29,0,0,927187.12,0,0
01/01/1996,2363941.61,1723354.2,266979.91,0,571941.6,0,0,0,3231315.463,5009567.308,1054070.88,146406.87,2060713.01,0,869653.91,0,0,1115976.331,0,1200511.7,0,0,8624616.515,925514.67,21570672.78,0,641279.24,0,0,0,3059833.85,0,279278.86,0,914047.47,1595178.08,0,0,563554.16,622824.16,2172638.56,5782398.96,1970868.78,0,0,1301349.2,0,0,1489181.96,3919218.82,0,0,7852162.74,887551.69,0,3472841.69,0,2214653.72,3147241.39,0,0,0,0,0,0,0,70766.28,185981.729,0,2123843.51,0,0,428279.04,2303332.32,0,0,401821.06,1591515.28,3491971.92,0,3342834.54,2883773.15,0,1277978.85,0,489381.27,1795389.795,0,1313492.34,7620748.27,4050480.769,0,1935046.04,2410446.35,0,581675.23,0,1164097.6,0,0,208923.79,456583.231,0,0,1072692.93,159373.72,0,2689177.89,0,0,0,0,868155,0,3360075.06,0,0,0,0,2074533.6,0,0,0,0,7047566.75,1335627.9,0,539198.52,7439415.241,0,820585.17,1462212.79,0,0,3081856.87,865333.24,0,721621.56,11452324.4,0,0,514041.48,649086.368,0,0,0,0,0,0,0,5607481.78,0,1516134.45,2443668.33,0,0,340834.04,0,0
01/01/1997,1153612.37,1721000.85,102558.17,0,410277.38,0,0,0,942662.31,4294070.509,3251367.34,393140.47,847940.27,0,1142586.22,0,0,397610.125,0,4484858.27,0,0,4435501.76,1992947,40502464.9,0,1315946.1,0,0,0,12415256.8,0,392845.15,0,1514914.91,4097649.7,0,0,1174324.96,362187.46,6531748.24,574419.04,1246840.34,0,0,1515935.16,0,0,13558421.29,3168651.33,0,0,7006963.66,893962.37,0,876627.22,0,1554386.7,549857.62,0,0,0,0,0,0,0,69637.82,183016.02,0,3505633.27,0,0,419292.04,1371100.65,0,0,398113.16,1342937.26,847049.88,0,847636.04,4396060.34,0,917653.18,0,2050649.95,1468917.463,0,15105037.71,5298904.88,4769703.905,0,1544950.61,3288603.99,846770.6303,296936.92,0,997685.29,0,0,294166.1,3708687.409,0,0,6196205.49,156832.31,0,4882995.78,0,0,0,0,11662518.63,0,4953502.89,0,0,0,2680952.381,318283.97,0,0,0,0,7554873.17,1314329.6,0,1298476.35,1633735.11,0,497271.29,1340155.68,0,0,553296.07,2025410.93,0,1577346.95,5822043.87,0,0,1001831.38,557411.39,0,0,0,0,0,0,0,6285889.27,0,1454510.33,1974672.67,0,0,335399.02,0,0
01/01/1998,3181455.26,215266.17,200566.22,0,256854.08,0,0,0,1473207.51,7617312.54,856343.41,1769218.32,653464.14,0,1691434.52,0,0,3653400.707,0,4114911.15,0,0,6288569.88,483536.38,2396878.1,0,1358234.13,0,0,0,5913736.26,0,836425.58,0,1477101.45,371909.07,0,0,225327.99,353880.49,308944.04,1774011.64,846686.66,0,0,75173.25,0,0,1054212.91,1556103.9,0,0,6190303.93,1384688.83,0,227088.38,0,667595.76,548109.66,0,0,0,0,0,3302197.802,0,69416.45,182434.227,0,1725371.44,843406.5934,0,415164.15,310578.67,0,0,446756.86,727630.21,538823.53,0,646141.26,1937823.59,0,757810.02,0,2108824.92,2742642.975,0,4112920.87,4848792.45,4466012.04,0,2197725.27,852100.84,569117.3011,287243.48,0,872147.84,0,0,895563.23,1443742.55,0,0,1584069.93,794407.25,0,1871985.63,0,6737244.898,0,0,1636561.76,0,9005007.09,0,0,0,8572689.074,401023.52,0,0,0,0,21740857.8,10758108.9,0,2097457.26,4955093.85,0,495690.5,511711.86,0,0,2932721.45,916994.58,0,559657.63,12360796.4,0,0,110317.14,555639.423,0,0,0,0,0,0,0,3314616.19,0,1451646.21,2710163.37,0,0,2281829.76,0,0
01/01/1999,1444054.97,241890.87,534013.61,0,434837.88,0,0,0,461493.24,9909157.81,2187977.36,797585.64,272636.44,0,218055.56,0,0,4089518.12,0,1139607.68,0,0,2750841.79,777604.68,6853640.9,0,2811489.9,0,0,0,12820794.74,0,991138.83,0,973291.92,440700.92,0,0,253162.67,695628.73,465630.32,389718.56,2355080.53,0,0,89078.01,0,0,920402.47,1843935.72,0,0,8752003.36,614017.55,0,13439.48,0,791080.64,1930135.97,0,0,0,0,0,8701196.582,0,161095.3,216179.001,0,165852.53,10844322.34,0,10040952.49,1371916.78,0,0,529393.27,862219.64,539942.13,0,842970.02,2891416.26,0,516159.21,0,616722.78,4505024.106,0,2296044.73,9049810.41,4102109.72,0,985152.03,376264.52,1386387.638,273970.67,0,1181787.57,0,0,1090970.4,2580308.64,0,0,1676966.87,1351566.16,0,9478958.96,0,6202380.95,0,0,2848162.78,768115.942,1696123.41,0,0,0,15282913.17,1523043.58,0,0,0,0,5688622.25,11533343.2,0,345123.65,2732985.37,0,587378.15,635231.87,0,0,1926056.57,701999.52,0,240322.74,7629879.83,0,0,130722.45,2871015.362,1031862.745,0,0,0,0,0,0,3039907.27,0,1741251.17,372090.53,0,0,560846.56,5237341.772,0
01/01/2000,528332.08,9597.73,766581.63,0,406153.55,0,0,0,1339480.16,2013929.5,3189391.96,639134.19,229502.07,0,183556.55,0,0,3440684.684,0,1313271,0,0,5332738.33,1430075.21,10877194,0,1067965.37,0,0,0,2196284.7,0,1149381.58,0,290463.11,3718892.97,0,0,193217.42,430124.64,382373.05,253036.02,1026752.76,0,0,29148.94,0,0,377529.38,4373558.81,0,0,1177453.2,1088761.51,0,167201.76,0,665922.19,608418.48,0,0,0,0,0,7329684.76,0,206339.92,181976.887,0,139612.66,11828809.53,0,12193473.95,1264295.69,0,0,445636.9,578256.43,428484.58,0,2316166.99,3205037,0,434496.62,0,869318.18,5649297.52,0,545391.31,3879932.96,2289658.49,0,525790.37,272118.01,1688392.311,230625.21,0,928550.52,0,0,952812.61,2998218.3,0,0,861044,957686.34,0,3353559.24,0,10698778.2,0,0,1853997.9,572086.1329,4251843.01,0,0,0,10576623.38,271265.83,0,0,0,0,2948471.5,1953075.9,0,999732.28,3903398.34,0,494447.87,361114.56,0,0,1199789.36,821604.53,0,130746.05,2820251.86,0,0,110040.59,3483824.19,323923.319,0,0,0,0,0,0,2547244.67,866071.4286,1089479.03,145757.71,0,0,279705.22,6604962.513,0
01/01/2001,2795638.56,229578.28,793524.25,0,725971.26,0,0,0,6413034.14,833726.61,1581004.36,2273291.68,1018786.45,0,807604.95,0,0,1740027.22,0,388047.81,0,0,3425365.49,2520795.16,4206360,0,429497.99,0,0,0,1554293.1,0,4096241.48,0,1082066.43,2398971.56,0,0,200987.67,273746.64,157294.7,263211.88,159115.23,0,0,0,0,0,3024773.77,4430873.2,0,0,2191236.07,1359897.18,0,219259.27,0,3333562.57,573266.44,0,0,0,0,0,2059502.05,0,214637.88,189295.097,0,1471694.48,5768467,0,1592688.59,1696033.02,0,0,404993.08,472424.62,445716.12,0,1354651.99,3669476.4,0,451969.93,0,2918859.65,2613894.94,0,1396586.84,480969.45,2622124.35,0,510010.52,220313.41,1626346.216,899269.59,0,423888.78,0,0,4494185.67,2848282.43,0,0,1038136.31,996199.74,0,799396.22,0,5843984.96,0,0,1408639.3,1733065.838,2420032.13,0,0,0,1442462.93,254234.24,0,0,0,0,4644519.6,1613404.6,0,1457211.21,2761340.08,826156.2998,514332.11,370903.99,0,4428947.368,331654.59,820425.04,0,901235.92,1086313.61,0,0,114465.88,1210591.53,411904.894,0,0,0,0,0,0,1667606.95,5069313.91,2586233.41,151619.37,0,0,290953.58,3243988.23,0
01/01/2002,2553719.13,787389.28,267982.46,0,958975.05,0,0,0,406918.99,5055312.31,539891.39,445657.96,1122194.86,0,1169472.74,0,0,4730567.94,0,844868.96,0,0,1368859.12,1074500.73,1043899,0,297758.28,0,0,0,677019.7,0,881679.01,0,417399.58,1131537.69,0,0,164550.63,224119.14,128778.75,215494.22,691071.72,0,0,0,0,0,246068.54,238337.09,0,0,1112649.01,828700.76,599121.4237,777330.09,0,468876.42,261666.37,0,0,0,0,0,5075006.67,0,2132705.89,154977.806,0,1680881.6,1220808.96,0,1185532.33,635761.52,0,0,0,3946916.26,406040.89,0,206140.35,3058710.82,0,1492910.25,0,1386434.2,2998965.81,0,1194592.45,393774.54,2736199.34,0,20081.81,180372.8,3012334.334,236890.57,0,1643657.08,0,0,359880.51,3477440.91,0,0,2149010.1,1875143.5,0,2170146.35,0,0,0,0,1341037.78,301038.363,841917.03,0,0,0,494586.26,168583.73,0,0,0,0,3138324.9,16928392.2,0,341068.58,2696871.35,446726.0321,421088.9,303662.84,0,1107969.076,419110.04,354332.36,0,753794.82,2851081.55,0,0,1276831.07,1153876.02,342168.053,0,0,0,0,0,0,681122.07,4602126.529,1052606.64,124132.31,0,2245614.035,422842.37,4773059.91,0
01/01/2003,2759974.26,437763.26,269022.02,0,283270.68,0,0,0,322525.41,5516132.59,409886.16,258429.39,1296134.28,0,360095.58,0,0,1750037.8,0,2577025.08,0,0,2040603.81,545491.84,1239832.2,0,265784.83,0,0,0,1162702.8,0,184014.27,0,213154.18,594785.04,0,0,146881.09,691096.43,114950.42,192354.33,680523.75,0,0,0,0,0,173517.56,212744.31,0,0,2800723.92,739714.41,181061.8007,851886.35,0,418528.2,250271.57,0,0,0,0,0,3588957.62,0,486757.11,138336.202,0,676654.04,1080860.93,0,447215.41,567493.09,0,0,0,592047.29,811851.85,0,184004.88,2476276.6,0,1837504.2,0,611774.12,585755.9,0,2272171.4,3396422.19,2676739.09,0,866963.75,72783.12,3185964.401,211453.13,856818.1818,1011516.04,0,0,1205949.72,2243321.1,0,0,729968.86,1573558.74,0,514049.73,0,0,0,0,1159097.61,532155.702,405373.28,0,0,0,180047.79,150481.12,0,0,0,0,2396697.9,9595593.9,0,304444.44,2498948.8,1280080.247,375872.13,271055.35,0,2317464.161,353298.33,347167.29,0,304541.07,3020160.33,0,2775000,3397141.86,1433065.89,249917.082,0,0,0,0,0,0,2697404.78,3844814.82,1118053.71,110802.91,0,3599378.655,3107574.79,1520727.27,0
01/01/2004,3902849.38,391830.06,248770.44,0,253547.94,0,0,0,288683.79,4805877.58,322807.69,54422.04,621203.31,0,318548.39,0,0,2489575.79,0,206241.17,0,0,1564678.31,568550.3,2643758.8,0,198829.59,0,0,0,1147803,0,164706.2,0,190788.54,788815.79,0,0,131469.3,217210.15,126676.2,172171.17,882538.46,0,0,0,0,0,155310.88,992221.55,0,0,907967.41,1021360.44,162063.5278,1228483.61,0,310996.38,294646.31,2355315.904,0,0,0,0,296578.96,0,317359.77,123820.999,0,1778068.16,2826676.91,0,223694.03,507947.74,0,0,0,368702.11,747797.2,0,387882.04,2175067.82,0,815776.91,0,3388580.25,457633.59,0,1485952.47,280215.01,985748.17,0,400742.57,0,3838492.23,179372.2,7080377.123,893554.31,0,0,892514.04,4605362.17,0,0,249791.67,247318.49,0,177984.82,0,0,0,0,440937.39,586050.163,91397.52,0,0,0,161155.91,518929.95,0,0,0,0,2145219.5,2608252.6,0,1211153.73,3525828.88,1984312.169,336432.99,759853.65,0,2570419.772,42448.25,339716.67,0,130326.09,1844439.69,0,2329295.367,1836235.9,706082.9,380276.551,0,0,0,0,0,0,5718973.63,1364502.16,366666.67,1030191.4,0,1425661.12,275561.91,7587800.72,0
01/01/2005,2942010.47,235464.66,1159436.62,0,427286.12,0,0,0,1318750.91,1520035.35,1159854.32,69945.25,1266576.39,0,0,0,0,2315892.09,0,265068.92,681250,0,332393.2,6542428.94,1788964.5,0,216432.59,0,1832258.065,0,151603,0,211686.62,0,113188.43,317687.73,0,0,107947.79,265398.55,370263.16,221280.87,836439.21,0,0,0,750793.6508,0,199611.4,1475899.16,0,0,7159934.87,586246.66,1376914.84,475733.64,0,283018.41,378690.54,4429641.937,0,0,0,0,381174.46,0,346447.84,159139.415,0,189232.54,395388.25,0,747841.16,2863498.92,2800000,0,0,1693372.02,1088879.31,0,990824.32,4140376.16,0,551790.37,610740.7407,784876.54,1287970.03,0,1461327.62,360142.89,1316564.77,0,1231152.76,0,5715572.55,229315.48,2148566.373,5643512.95,0,0,1473797.63,1745978.73,0,0,269629.24,317863.03,0,228752.81,0,0,0,0,1866574.77,592068.678,1110727.7,0,0,0,1171496.13,1604828.13,1528571.429,0,0,0,2757117.1,833766.1,0,490764.33,1081534.09,5090415.327,432396.36,3282278.3,0,1772656.29,54556.1,1952156.78,0,861147.94,698959.58,0,802276.733,1061238.4,901416.3,749962.798,0,0,0,0,0,0,2016718.75,2471292.6,604334.74,0,0,1264338.671,243059.93,7670332.71,0
01/01/2006,1212906.64,104745.71,650982.9,0,19611.23,0,0,0,181453.43,1105818.83,1172999.56,65229.79,604788.47,0,0,0,0,2546925.8,0,247198.89,780633.8507,5041769.463,122269.84,651182.61,2270735.4,0,210643.24,0,3294582.458,0,1196959.8,0,197415.44,0,86665.77,228839.35,0,0,52680.02,0,433018.21,206362.89,580261.77,0,0,0,1205013.2,0,186154.29,2903739.86,0,0,8123872.18,384254.31,365325.914,274257.85,0,263938.3,375393.1,7041885.889,0,0,0,0,2797578.59,0,1473694.58,148410.786,0,163194.83,653517.8,0,2170105.82,1803915.4,4397222.222,0,0,190707.74,28589.75,0,399197.53,3801843.85,0,2069058.74,133065.8437,221776.41,297854.2,0,522063.5,335863.31,371801.62,0,641567.46,0,2723687.09,199083.61,732484.28,4635183.74,0,0,1528697.72,3403517.24,0,0,121789.08,176215.17,0,213331.08,0,0,0,0,258275.82,148553.472,449097.22,0,0,0,156094.62,129795.81,4538248.011,0,0,0,4597457,1607564.3,3350907.029,389384.29,561371.53,2399173.669,403245.69,922107.21,0,4193002.57,50878.12,1748815.85,0,365119.69,550022.32,0,6385940.932,707214.21,1995923.92,2644957.403,0,0,0,0,0,0,2915156.54,734242.1,882098.76,0,0,2839386.708,226673.68,4078331.08,0
01/01/2007,414900.2,87568.84,907859.13,0,16395.25,867959.7701,0,0,151697.53,227190.19,81606.28,54532.99,333796.89,0,0,0,2760294.118,1127231.73,0,206661.64,383771.022,7564852.202,102219.25,544397.52,334578.7,0,280711.32,0,3659000.507,0,1129177.1,0,150556.34,0,72453.77,135061.42,0,0,44041.22,0,276061.98,172522.18,67496.88,0,0,0,675420.243,0,344820.71,2752109.09,0,0,1962520.26,285363.3,198823.387,386807.83,0,550016.51,432618.89,3660174.62,0,0,0,0,2042090.58,0,441707.51,124073.436,0,138289.16,858174.61,0,286058.2,1523256.28,6950740.743,0,0,58322.55,23901.42,0,494070.82,8625171,0,252963.7,111244.856,185408.09,158921.23,0,732805.87,280786.3,360748.57,0,1699272.48,0,2419032.73,103084.04,947234.59,949322.9,0,0,36629.4,1829292.64,0,0,101817.33,20165.23,0,178347.69,0,0,0,0,215922.1,124192.723,476693.77,0,0,0,130497.22,24499.28,5249370.854,0,0,0,4125394.9,445730.4,612981.859,0,1702681.02,633698.24,189042.6,733482.56,0,3018520.31,42534.8,1118144.08,0,305245.03,459826.14,4033125,5968754.21,122807.91,3335205.96,2381220.741,0,0,0,0,0,0,428613.47,3120325.47,726755.99,0,0,1540864.27,189502.28,897390.23,0
01/01/2008,313881.95,97084.55,430918.08,0,18176.85,1872693.782,0,0,161868.69,124202.13,16086.95,60458.84,284361.69,0,0,0,1568592.437,305509.67,0,229118.63,1333245.061,11557535.74,113326.96,603554.75,370935.9,0,282154.35,0,790684.932,0,207583.4,0,18062.72,0,80326.99,128571.43,0,0,48826.98,0,36658.62,191269.39,74831.46,0,0,0,286858.504,0,280082.36,3404644.4,0,0,6333176.46,135918.37,220428.63,246521.83,0,246666.67,479629.63,13582536.87,0,0,0,0,696753.24,0,44852.94,137555.938,0,218076.93,1548571.43,0,677857.14,2790467.93,3355177,8983079.421,0,64660.2,26498.68,0,296532.67,5849772.6,0,168889.23,123333.3333,205555.56,202913.63,0,672339.47,1993656.51,409986.32,0,325149.7,0,2374002.3,114285.71,901864.96,225892.45,0,0,40609.76,1264943.95,0,0,112881.36,22356.5,0,197727.93,0,0,0,0,239385.38,137688.187,2690293.29,0,4835000,0,144677.77,27161.5,7853224.56,0,0,0,921032.9,494165.9,422801.724,0,131620.55,696716.69,208975.45,2154437.58,0,7598407.28,47156.86,1125205.48,0,164734.95,114058.3,5678995.536,3931759.26,136152.89,3049515.95,9556737.481,0,0,0,0,0,0,1024548.19,6509755.46,444000,0,0,2154434.04,680126.18,994905.58,0
01/01/2009,334134.62,128588.25,329147.53,0,24075.2,426473.025,0,0,0,91407.86,21307.14,80077.6,58133.82,0,0,0,5960622.714,3378378.5,0,276122.04,560233.831,8980557.04,150101.28,10466361.36,491303.7,0,307571.61,0,1048801.373,0,27687.2,0,23924.04,0,106392.9,170292.54,0,0,64671.21,0,48554.26,253335.84,452753.91,0,0,0,4990734.876,0,70909.6,1370966.3,0,0,4928058.64,180023.55,853570.089,234605.16,0,218697.94,129949.32,14726510.92,2205882.353,0,0,0,543826,0,0,182192.507,0,288842.35,527160.06,0,247785.22,1187951.28,4038710.83,10904752.34,0,85642.27,35097.43,0,265596.61,720766.2,0,94243.1,3071286.346,226733.14,455821.21,4850490.196,442317.34,1796226.35,397302.99,0,264106.41,0,686823.66,151371.15,435022.75,299194,0,0,53787.52,2777114.68,0,0,141293.77,29611.13,0,1605259.69,14443750,0,0,0,317065.35,182367.67,388885.88,0,3027048.12,0,191625.35,35975.34,252073.27,0,0,0,983723.6,1829560.6,157434.102,0,174331.1,2357210.12,276787.48,1273819.93,1826985.824,3508157.94,62459.15,179211.44,1359375,39681.31,10298.18,17912198.06,12935302.5,180334.18,6333340.73,4578749.86,0,0,2107954.545,0,0,0,816226.21,7411416.08,443670.53,0,0,3347930.44,0,1317750.03,0
01/01/2010,804000,36613.73,488087.01,0,22079.69,1370021.765,0,0,0,83831.39,19541.06,73440.26,53315.31,0,0,0,2942569.6,3280258.58,0,171701.14,3088890.258,8594014.9,137659.93,2471438.73,6396254.8,0,282078.1,6055536.779,929112.32,0,25392.4,0,21941.06,0,97574.38,156177.6,0,0,59310.85,0,44529.78,232337.73,265736.51,725000,0,0,1456479.349,0,65032.16,705236.04,0,1058333.333,1494306.6,161632.65,1730348.766,136170.21,0,112717.82,76355.53,5648939.4,5017671.658,0,0,0,286303.84,0,0,167091.222,0,264901.25,408585.86,5961363.636,313877.28,184967.93,6361614.18,3209224.28,0,78543.69,32188.33,0,0,383375.1,0,86431.63,376740.196,0,0,3178303.921,405655.24,1503960.9,148713.24,0,118732.4,0,4605140.56,138824.54,487206.74,274394.89,1933911.111,0,49329.27,1022812.72,0,0,84978.99,27156.76,0,292931.51,15301531.1,0,0,0,290784.94,6324459.809,162449.8,0,7642172.38,0,175742.22,32993.47,231179.82,0,0,0,902186.2,9687629.6,144384.954,0,159881.42,2506752.44,253845.56,108155.08,537027.453,6164932.69,57282.13,84995.22,8718896.45,36392.26,9444.6,8726209.92,530843.74,165386.93,2062748.75,6665012.72,11030434.78,0,787987.013,0,0,0,246646.34,1776227.32,353657.63,0,0,6362441.89,0,2410765.81,0
01/01/2011,245000,43208.61,1580941.28,0,28679.95,1379768.134,3618526.828,1190277.778,0,178820.26,25382.44,102603.16,69252.79,0,0,0,2200052.8,894535.16,0,223027.55,3459425.34,16166547.46,207066.11,880805.23,1376117.1,0,366399.35,3656109.333,361699.88,0,32982.8,0,28499.88,0,132716.77,202863.57,0,0,77040.56,0,57841,301790.16,281724.75,7158569.315,0,0,8772015.899,0,84472.13,860570.19,0,6902199.074,823919.7,0,6193571.411,0,0,146412.4,99180.39,5042617.04,1952202.444,0,0,0,371888.29,0,0,217039.587,0,344087.84,748860.56,8029531.426,550174.52,240260.15,3842762.77,3452197.06,0,102022.65,41810.35,0,0,497976.9,0,112268.52,498533.078,0,0,3718829.363,1416250.16,1927969.25,193167.89,0,100847.73,0,4599267.11,481973.74,9893319.35,356419.4,2721713.563,0,64075.2,1387588.04,0,0,110381.65,35274.7,0,380497.15,7130622.21,0,0,0,371251.85,2193321.44,211010.71,0,20898189.43,0,228276.61,42856.18,1282606.63,0,1235596.708,0,1171875.7,3650535.6,187545.763,0,113053.03,443027.53,329727.28,33756.68,17857902.28,714480.84,74405.41,110402.74,6917002.26,47270.96,12267.86,10187469.82,2294304.65,214825.83,2679363.6,14346956.58,2274228.91,0,1621027.69,1306818.182,0,0,927085.05,7378760.35,32553.7,0,0,1098611.46,0,19397065.61,0
01/01/2012,0,41061.32,1530889.68,0,27254.67,469146.159,5503741.425,1770568.783,0,262792.4,24121.04,100962.52,65811.21,805555.5556,0,0,647747.75,5486097.84,0,211943.96,2829650.04,19686676.21,220461.16,743729.92,1307729.5,0,348190.76,12479473.53,343724.84,0,31343.7,0,1838941.27,0,207755.43,192782.07,0,0,73211.96,0,54966.54,286792.39,267724.15,3662953.653,0,0,5778079.96,0,80274.21,589973.41,0,11232663.09,770194.5,0,5860034.99,0,0,139136.29,94251.52,26082098.32,1229003.241,0,0,0,353406.92,0,0,206253.586,1464285.714,326988.05,472996.08,5984256.64,522833.04,228320.18,8816821.93,9476739.16,0,94282.63,39732.54,0,0,473229.4,0,999704.44,2210828.881,0,0,2317874.3,1494656.2,1771317.21,156024.02,0,95836,0,5181542.91,137216.56,12960407.49,839970.06,7342039.384,0,60890.92,5112839.04,0,0,104896.13,33521.69,514423.0769,215767.69,10769780.6,0,0,0,318213.49,4680963.85,608656.85,0,9055390.02,0,216932.17,40726.39,387137.88,3209239.13,2380544.952,0,1113638.1,88933,178225.486,0,93328.14,414155.88,313341.15,0,15494295.34,678974,70707.76,104916.16,18547108.97,44921.78,11658.2,19407030.45,1098174.07,190526.96,1940686.85,7224111.75,512108.26,0,416218.849,1683653.545,0,0,867216.4,1885611.17,30935.91,0,0,1873720.82,0,19206394.94,0
01/01/2013,0,38990.08,258890.33,3421042.876,25879.88,735731.391,2463469.007,4775872.565,0,249536.48,22904.32,95869.72,62491.53,2073478.949,0,0,1703476.66,12749660.36,0,201252.98,5804846.68,26985749.93,209340.55,6334033.6,1241764.4,0,330627.14,9968664.79,3326442.95,0,29762.7,0,1784320.01,0,197275.72,62138.03,1209928.23,2586580.087,229887.53,0,52193.89,272325.85,254219.48,2918969.08,0,0,8198511.5,0,76224.97,518596.48,0,3196001.48,618744.9,0,16726867.91,0,695336.9906,122567.8,89497.23,15595180.06,1605377.5,0,0,0,335580.18,0,0,195849.633,8794825.635,457231.43,97958.54,20162036.97,496460.02,122451.96,9589829.23,13169318.27,0,0,37728.33,0,0,449358.6,0,554248.55,2397707.597,0,0,4528906.38,1044087.7,201324.55,8477.01,0,91001.79,0,2614496.67,5930.94,4490141.26,903049.33,11418510.3,0,57819.43,4366124.96,0,0,99604.9,31830.77,1555667.905,59712.83,2677089.77,0,0,0,302161.99,2099184.91,0,0,5764178.04,0,205989.56,38672.05,367609.66,17609161.95,526600.382,0,1057463.3,84447,169235.342,0,88620.43,1012060.07,297535.44,0,658087.89,1540487.9,345374.11,99623.92,12043611.46,42655.81,11070.13,15186600.58,854269.04,2478.02,973293.73,17654884.99,486276.23,5330134.68,450984.62,2791525.215,0,0,782022.56,3614718.27,29375.42,0,0,374651.14,0,13359196.83,0
01/01/2014,0,41963.41,123853.18,3521482.169,27853.45,460893.656,4847476.85,5133491.578,0,268565.85,24650.97,103180.63,67257.05,661946.899,0,0,3594361.33,3367674.68,0,194692.03,2943546.71,17089801.2,509122.49,5801639.4,629354.7,0,355840.39,8114411.27,3858407.39,0,32032.4,0,505429.03,0,212319.74,0,1852910.432,13719490.16,667026.3,0,56174.13,293093.11,8895.93,4767676.81,0,0,5566217.97,0,82037.8,558144.06,1283031.798,6799386.18,435014.3,0,9802175.65,0,219946.1722,14562.1,96322.19,16018354.96,8479529.64,0,0,0,361171.14,0,0,864632.373,10763795.9,598583.22,105428.75,6849481.37,801736.1,63321.65,1833679.1,13866517.88,0,0,40605.45,7184210.526,0,461243,0,117035.57,1545587.471,0,0,2349837.05,1501816.7,216677.33,9123.46,775042.4448,97941.48,0,2864399.29,6383.23,1061741.59,4863857.64,6503936.25,0,62228.68,3281614.29,0,0,466023.34,34258.15,609201.066,64266.46,1790894.15,0,0,0,325204.52,10030298.71,0,0,29765208.67,0,221698.1,41621.14,395643.16,16372706.19,1217402.645,0,2158025.4,90886.8,182141.037,0,95378.53,3034024.98,320225.15,0,238223.68,1702505,434000.77,107221.13,943751.86,45908.69,11914.33,26538118.54,4690490.97,2666.99,1047516,6118310.27,523359.09,3083651.966,1590384.55,674104.998,0,0,999287.34,764969.31,31615.56,0,1297825.402,403221.61,0,12686596.21,0
01/01/2015,0,47223.22,6523313.75,12138276.49,31344.68,857423.705,1054508.03,2387090.01,0,302228.66,27740.79,116113.58,75687.24,744917.199,0,0,4126918.48,4028288.35,0,153036.44,1483025.93,13432131.4,17079.1,1823603.9,72651.2,0,400442.43,13632389.1,10049822.04,0,36047.3,0,172962.18,0,54712.3,0,4015402.808,9456851.6,151702.79,0,63215.16,329830.24,0,5106749.45,0,0,1286750.82,3558813.946,6600.1,222448.49,7363505.117,9594179.37,489540.2,0,13867743.29,0,4273856.37,16387.36,550807.87,22894464.4,4284000.26,0,0,6056314.73,406441.36,0,0,13280132.47,6505631.68,673611.33,118643.48,1199628.05,1152309.93,71258.57,5424531.02,13349035.42,0,0,45695.05,12380385.05,0,496407.8,0,131705.15,6589014.74,0,0,3312769.37,1415682.3,243836.28,10267.02,4550120.38,301752.93,0,700241.37,7183.32,2687132.95,1072598.27,1904243.89,0,59274.71,2295471.55,0,0,119433.2,38552.16,31082770.56,72321.8,17630552.89,0,0,0,365966.58,16849930.48,0,1071696.345,15689682.34,0,249486.37,46838.05,962541.3,7601249.43,9076576.323,0,1630353,102278.8,886146.692,0,107333.54,1515934.06,360363.07,0,14723995.37,1915901.8,490798.68,120660.54,14272816.78,51663.02,13407.71,28847099.8,3022028.11,3001.28,1178814.62,1726477.91,588958.41,890172.694,4141142.651,850759.288,3447304.926,0,398135.89,860852.74,35578.34,0,687705.928,453762.54,0,13167985.9,0
01/01/2016,0,48575.81,0,9650583.57,4726.58,3524949.521,7190035.97,2545091.15,0,310885.17,4183.14,396190.03,121861.26,1461727.431,0,0,997091.1,1362378.81,4068030.303,157419.74,1130769.76,37140780.7,17568.29,5071820,74732,0,22029.92,26615239.88,2410241.37,0,37079.9,0,177916.21,7530075.758,47273.46,0,4898008.725,5136254.21,0,0,65025.78,339277.32,0,10441593.3,0,0,530780.83,3292832.763,0,196691.68,5509786.923,839273.57,563412.7,0,7187194.71,0,10827003.07,16856.73,70740.33,4242825.1,3565961.96,10447579.45,1110722.611,3375963.85,418082.76,0,0,3260344.83,5698018.44,692905.08,122041.69,6828048.77,1185314.69,17944.59,4212916,13950429.03,0,0,47003.86,7789262.36,0,510626.1,0,135477.48,2270382.84,0,0,4124289.84,1175444.5,250820.3,10561.09,6289400.714,512893.04,0,720297.87,7389.06,6741553.76,2127011.95,13829851.34,2089506.173,0,3428170.1,0,5586444.088,0,39656.38,13382859.25,74393.26,13761240.48,0,0,0,1919949.72,10293961.62,0,2790100.75,1494954.68,0,256632.22,48179.59,5691532.56,13316355.76,3564968.03,556516.977,12417478.5,2392932.6,10336099.82,0,30203.91,1559353.83,2748709.49,0,8223920.2,1970777.55,912913.07,421956.98,30752660.96,7790.46,13791.73,5124161.7,2850221.49,3087.24,1217645.75,4722865.01,605827.5,607489.837,5118321.6,6069284.377,19901391.01,0,409539.4,885509.49,5364.99,0,11203057.58,466759.33,0,6186916.4,0
01/01/2017,0,57968.12,0,27999598.8,0,12747182.52,4483719.81,2681675.4,0,484156.58,0,147879.46,154444.41,6622512.364,0,0,8400593.94,4058327.85,22034975.46,187857.44,3651412.86,18154717.4,20965.18,9758514.1,89181.7,0,0,12537155.03,42450.61,2029226.828,44249.4,6014390.816,245385.98,3364403.135,51675.22,0,4842993.66,9051763.04,0,0,63646.22,404877.86,0,7367733.13,5923859.649,0,836232.59,2458501.068,0,234722.76,8914675.46,2472702.91,1972144.3,0,2815059.38,0,22450440.77,20116.04,84418.25,7435940.4,6207742.59,6793876.99,9925664.648,11012045.59,498920.61,3884210.526,0,3500526.44,8441306.5,826880.85,1538635.87,23738735.29,194367.03,10067.02,767350.06,12858969.99,0,0,56092.23,3706502.28,0,609357.5,0,1052764.12,6163734.06,0,0,4631353.61,3237038.7,78845.78,12603.11,9467234.8,612062.82,0,3236680.11,8817.76,10188567.17,5649115.57,10729191.09,9964183.277,0,1967248.07,1403654.971,6283296.28,0,169601.31,22593807.36,688721.94,13058535.58,0,0,0,2607581.38,8310681.23,0,11569498.24,15004915.63,0,306253.01,57495.29,66411766.12,16526854.93,12461974.64,2760379.316,443727.5,3324575.4,8373930.02,0,0,7227214.61,1006007.6,0,961758.17,2351834.71,959820.73,564598.24,5995651.28,0,16458.42,20049978.4,839157.55,3684.17,1458977.43,2912269.37,4554412.29,724950.252,4505938.18,2041870.61,11720412.76,7062833.715,488725.36,8567931.77,0,0,13967265.53,557008.98,0,66091649.6,0
01/01/2018,0,62877.37,0,19207085.66,0,5116076.97,3323549.6,6390108.88,0,749596.87,0,0,167524.12,40072943.07,0,0,4924340.31,1800459.56,30067522.72,141387.99,1786119.34,10331614.6,22740.7,7885576.9,96734.4,0,0,84132634.91,216977.19,965751.646,47996.8,6272476.84,271130.78,17288509.18,0,0,10700281.9,8718625.25,0,0,12674.49,172617.07,0,2243788.34,7938542.688,0,2289279.06,1618474.019,0,254601.13,2827029.57,4598375.83,1008085.8,0,2238870.67,0,4225132.35,21566.6,91567.53,48028812.6,1555675.4,6849388.13,11292342.92,10060561.8,541173.58,27759913.86,0,8952522.42,4069048,896908.38,467105.26,16088645.28,108298.7,10919.58,4499315.28,6347355.2,0,0,60842.61,758718.49,0,419722.4,15193528.37,1762740.78,10321503.98,0,0,1775407.01,4298934.1,0,6356.63,8682125.41,663897.67,0,7640087.97,9564.53,40433264.72,6997392.94,6642897.47,7715927.24,0,2049568.42,24696071.73,8008605.08,0,220025.56,15266972.63,423620.09,3913734.88,0,1938366.841,0,3237860.27,2049557,0,11601315.12,3160287.9,8658173.436,332189.21,37971.15,8180624.74,26657913.95,2831485.22,8072738.679,481306.3,639200.4,7225044.08,0,0,1022068.78,1475662.38,0,238189.67,2551008.72,2282993.71,612413.37,1314136.13,0,17852.26,10583350.1,539722.88,3996.17,1582536.45,3474056.58,19913616.82,1304979.62,3430339.88,2214999.88,4840514.8,10220655.07,530114.91,623306.1,0,0,4387147.64,8368826.77,0,49524412.5,16894044.7
01/01/2019,0,57046.1,0,14176079.54,0,7938661.31,6047485.92,1957697.18,0,680078.97,0,0,151987.86,192793.32,0,14866798.94,809429.41,2465203.99,26407151.08,0,2047356.41,3861896.3,20631.72,525082.9,15261.3,4808524.557,0,12463034.4,322544.64,1275154.333,43545.6,16003865.65,9086.88,5451874.26,0,0,6004346.44,12279667.39,0,0,11499.06,0,0,4784621.22,8004020.37,0,2729660.2,16473344.66,0,1797207.78,3476857.23,4675751.34,5693909.3,0,6995136.63,0,3894622.35,18914.26,83075.52,12904461.3,602765.64,1634063.77,8340798.67,4461931.11,490984.94,17273518.84,0,9410873.7,6565695.41,813728.75,0,9846059.38,98255.03,9906.89,4036791.05,6390550.8,0,0,55200.04,652108.43,0,0,27512249.2,1599263.52,7113778.05,0,0,2019735.18,468843.4,0,0,7540491.65,602327.54,0,1039387.47,8677.51,3128523.9,7040206.57,11137878.54,7338803.03,0,1432181.55,15930309.58,15693142.24,0,199620.3,17610830.57,4181193.33,7277338.5,0,3775025.361,5500502.44,4029679.62,1169378.57,0,13833197.59,4824449.7,27055740.38,100199.13,0,26420467.6,8297385.9,2472930.51,6861455.17,1182792.6,0,6766741.41,0,0,12640127.86,1579034.39,0,216099.86,2314427.19,2159500.37,664716.02,2770141.1,0,16196.64,4006504.1,1121482.68,3625.57,1435771.42,9292996.95,0,1441599.5,959778.53,14665441.17,11373535.57,40781915.51,480951.85,993291.49,0,0,12716830.54,2769649.68,0,13773488.8,35828682.46
01/01/2020,0,28919.96,0,822121.9,0,5626932.47,1733348.09,2032039.38,0,676469.01,0,0,162252.82,172617.78,0,8023611.11,342147.44,3803397.64,21462136.25,0,1379864.51,6879040.6,22025.14,560545.8,0,16057908.2,0,707498.2,0,15607669.56,46486.5,11396325.15,0,1331756.62,0,0,2038614.58,13242275.01,0,0,12275.68,0,0,1651341.77,4777703.59,0,3627777.78,1593253.97,0,0,3797111.13,29298066.67,7786002.3,0,15681477.1,0,26643553.44,20191.7,88686.27,36802112,1748241.34,2372456.7,5085533.42,1368255.07,100271.23,13921180.88,0,8899519.96,2194974.75,868686.31,0,7862621.6,104890.98,10575.99,8133257.79,3532172.3,0,0,8090.19,0,0,0,36742996.84,1707274.48,24669971.45,0,0,177083.33,618873.4,0,0,1270218,591485.02,0,1344733.42,9263.57,7363491.3,10074909.29,3135371.2,4420343.6,0,181265.21,16295693.14,8791708.47,0,213102.24,19837678,6416976.93,5225654.7,0,9256039.344,9684622.507,4301835.8,298366.31,0,7068657.99,1611353.6,13116676.23,0,0,7939901.6,8857774.2,6049395.53,10059803.74,3741310.5,0,1462230.14,0,0,886828.85,425762.05,0,230694.8,5504533.47,2305348.55,629538.41,31996151.3,0,17290.52,9138454.1,0,3870.43,1532740.44,11291581.26,0,1603402.25,4588947.97,35267548.33,5221069.84,9671770.49,4653008.81,121283.26,0,0,11836752.58,933224.29,0,17824058,24062670.16
01/01/2021,0,0,0,4526668.67,0,6326503.67,3720895.83,117276.66,0,315173.01,0,0,1882976.75,351217.24,0,10330375.49,0,582575.76,19916792.3,0,924900.53,12360645.8,6421.65,1320341.4,0,19182258.02,0,499991.2,0,9438702.04,47451.9,2941165.03,0,5024791.19,0,0,4423905.72,8776454.5,0,0,13590.09,0,0,146590.91,2212408.9,0,0,0,0,0,5813816.2,10011096.09,4038171.3,0,4899530.19,0,2811485.8,22110.68,35438.21,22349699.4,2024621.21,2996746.67,231661.44,657602.28,0,5696773.1,0,4046083.78,2486940.84,6894130.65,0,5898942.6,95737.83,6868.17,886011.13,2943526.2,0,0,0,0,0,0,27181164.61,1890079.85,5654871.69,0,0,0,1183714,0,0,2414091.71,270148.29,0,1573697.28,3451.45,5784014.6,2612409.81,4175270.87,3962890.21,0,0,3792076.63,6108322.21,0,207455.85,21923710.5,1714005.88,1755485.9,0,22648318.27,15247296.15,4536401.4,3475261.32,0,539553.43,1842563.3,654704.94,0,0,12461812.2,7008289,2362267.24,3125109.2,0,0,1033868.09,0,0,2510470.55,0,0,2848854.25,0,2552192.35,357256.78,17924701.8,0,3290.06,0,0,1703.39,14534879.02,630723,0,22501523.3,1273520.08,8032080.89,1844870.15,4542148.49,5132817.54,0,0,0,2331243.09,1874057.18,0,20585703.4,56835167.65
01/01/2022,0,0,0,0,0,269009.05,0,0,0,0,0,0,0,329867.67,0,3761396.57,0,0,0,0,4069958.02,0,0,0,0,3432531.2,0,88994.6,0,574202.9,0,6359057.24,0,0,0,0,0,0,0,0,97.3,0,0,0,4628985.51,0,0,0,0,0,0,1963121.12,2826624,0,0,0,1276191.08,0,0,3731306.5,0,814331.72,0,0,0,428305.24,0,951192.41,0,0,0,0,0,0,0,0,0,0,0,0,0,0,4515912.4,48114.27,617588.93,0,0,0,280296,0,0,1996094.26,0,0,266898.06,0,142292.5,0,0,0,0,0,1306155.84,13043.48,0,0,5078774.5,718716.03,0,0,871779.39,54378.79,0,0,0,0,1834376.8,0,0,0,5297430.8,0,297294.55,57289,0,0,0,0,0,0,0,0,1879710.14,0,314017.54,0,1269132.7,0,0,0,0,0,0,244299.5,0,0,0,4375962.73,111885.63,205464.1,0,0,0,0,44893.23,25255.75,0,3662779.4,837198.1
