,"Albania","Algeria","Angola","Argentina","Armenia","Australia","Austria","Azerbaijan","Bahrain","Bangladesh","Persian Gulf","Belarus","Belgium","Benin","Bolivia","Botswana","Brazil","Brunei Darussalam","Burma","Cambodia","Bulgaria","Canada","Chile","Colombia","China","Congo","Croatia","Cuba","Denmark","Cyprus","Dominican Republic","Ecuador","Egypt","El Salvador","Eritrea","Estonia","Cameroon","Ethiopia","Finland","France","Zimbabwe","Zambia","Yemen","Uzbekistan","United States of America","United Kingdom","Ukraine","Turkey","Tunisia","Togo","Thailand","Tajikistan","Sweden","Suriname","Spain","South Africa","Sudan","Slovenia","Singapore","Slovakia","Uruguay","Serbia","Russian Federation & USSR","Romania","Qatar","Poland","Peru","Portugal","Paraguay","Pakistan","Oman","Panama","NZ","Norway","Niger","Nicaragua","Nigeria","Senegal","Nepal","Namibia","Mozambique","Morocco","Montenegro","Mongolia","Mexico","Netherlands","Malta","Malaysia","Lithuania","Mauritius","Lebanon","Latvia","Kyrgyzstan","Kuwait","Kenya","Kosovo","Kazakhstan","Jordan","Jamaica","Ivory Coast","Italy","Japan","Ireland","Iraq","Indonesia","Israel","Iceland","Hungary","Honduras","Haiti","Libya","India","Guatemala","Greece","Gibraltar","Germany","Georgia","Ghana","Gabon"
"1900-01-01 00:00:00",0,0,0,0,,0,0,,0,0,0,,,,0,,0,0,0,,0,122000,0,0,0,0,,0,0,,,0,0,,,,0,,,0,,,,,8482000,0,,0,0,,0,,0,0,0,,,,,,,,10342000,248000,0,347000,38000,,,0,0,,,0,,,0,,,,,0,,0,0,0,,0,,,,,,0,,,,,,0,2000,114000,,0,311000,0,,2000,,,0,144000,0,0,,50000,,0,0
"1901-01-01 00:00:00",0,0,0,0,,0,0,,0,0,0,,,,0,,0,0,0,,0,101000,0,0,0,0,,0,0,,,0,0,,,,0,,,0,,,,,9252000,0,,0,0,,0,,0,0,0,,,,,,,,11564000,298000,0,405000,39000,,,0,0,,,0,,,0,,,,,0,,0,2000,0,,0,,,,,,0,,,,,,0,2000,145000,,0,554000,0,,3000,,,0,191000,0,0,,44000,,0,0
"1902-01-01 00:00:00",0,0,0,0,,0,1000,,0,0,0,,,,0,,0,0,0,,0,71000,0,0,0,0,,0,0,,,0,0,,,,0,,,0,,,,,11835000,0,,0,0,,0,,0,0,0,,,,,,,,10984000,324000,0,521000,32000,,,0,0,,,0,,,0,,,,,0,,0,5000,0,,0,,,,,,0,,,,,,0,3000,157000,,0,336000,0,,4000,,,0,216000,0,0,,50000,,0,0
"1903-01-01 00:00:00",0,0,0,0,,0,1000,,0,0,0,,,,0,,0,0,0,,0,65000,0,0,0,0,,0,0,,,0,0,,,,0,,,0,,,,,13395000,0,,0,0,,0,,0,0,0,,,,,,,,10311000,412000,0,673000,37000,,,0,0,,,0,,,0,,,,,0,,0,10000,0,,0,,,,,,0,,,,,,0,2000,126000,,0,796000,0,,3000,,,0,335000,0,0,,63000,,0,0
"1904-01-01 00:00:00",0,0,0,0,,0,1000,,0,0,0,,,,0,,0,0,0,,0,74000,0,0,0,0,,0,0,,,0,0,,,,0,,,0,,,,,15611000,0,,0,0,,0,,0,0,0,,,,,,,,10724000,531000,0,824000,39000,,,0,0,,,0,,,0,,,,,0,,0,19000,0,,0,,,,,,0,,,,,,0,4000,185000,,0,898000,0,,2000,,,0,451000,0,0,,90000,,0,0
"1905-01-01 00:00:00",0,0,0,0,,0,1000,,0,0,0,,,,0,,0,0,0,,0,85000,0,0,0,0,,0,0,,,0,0,,,,0,,,0,,,,,17962000,0,,0,0,,0,,0,0,0,,,,,,,,7458000,682000,0,794000,50000,,,0,0,,,0,,,0,,,,,0,,0,36000,0,,0,,,,,,0,,,,,,0,6000,176000,,0,1083000,0,,5000,,,0,551000,0,0,,79000,,0,0
"1906-01-01 00:00:00",0,0,0,0,,0,1000,,0,0,1000,,,,0,,0,0,0,,0,76000,0,0,0,0,,0,0,,,0,0,,,,0,,,0,,,,,16866000,0,,0,0,,0,,0,0,0,,,,,,,,8072000,971000,0,737000,71000,,,0,0,,,0,,,0,,,,,0,,0,72000,0,,0,,,,,,0,,,,,,0,7000,228000,,0,1130000,0,,3000,,,0,536000,0,0,,81000,,0,0
"1907-01-01 00:00:00",0,0,0,0,,0,1000,,0,0,0,,,,0,,0,0,0,,0,105000,0,0,0,0,,0,0,,,0,0,,,,0,,,0,,,,,22146000,0,,0,0,,0,,0,0,0,,,,,,,,8554000,1148000,0,1126000,100000,,,0,0,,,0,,,0,,,,,0,,0,154000,0,,0,,,,,,0,,,,,,0,8000,268000,,0,1378000,0,,2000,,,0,579000,0,0,,106000,,0,0
"1908-01-01 00:00:00",0,0,0,2000,,0,2000,,0,0,0,,,,0,,0,0,0,,0,70000,0,0,0,0,,0,0,,,0,0,,,,0,,,0,,,,,23804000,0,,0,0,,0,,0,0,0,,,,,,,,8627000,1139000,0,1718000,126000,,,0,0,,,0,,,0,,,,,0,,0,560000,0,,0,,,,,,0,,,,,,0,7000,276000,,0,1420000,0,,2000,,,0,673000,0,0,,141000,,0,0
"1909-01-01 00:00:00",0,0,0,3000,,0,2000,,0,0,0,,,,0,,0,0,0,,0,56000,0,0,0,0,,0,0,,,0,0,,,,0,,,0,,,,,24423000,0,,0,0,,0,,0,0,0,,,,,,,,9176000,1356000,0,2086000,188000,,,0,0,,,0,,,0,,,,,0,,0,400000,0,,0,,,,,,0,,,,,,0,6000,268000,,0,1524000,0,,3000,,,0,890000,0,0,,137000,,0,0
"1910-01-01 00:00:00",0,0,0,3000,,0,2000,,0,0,0,,,,0,,0,0,0,,0,42000,0,0,0,0,,0,0,,,0,0,,,,0,,,0,,,,,27941000,0,,0,0,,0,,0,0,0,,,,,,,,9541000,1327000,0,1766000,168000,,,0,0,,,0,,,0,,,,,0,,0,520000,0,,0,,,,,,0,,,,,,0,7000,257000,,0,1523000,0,,3000,,,0,818000,0,0,,140000,,0,0
"1911-01-01 00:00:00",0,0,0,2000,,0,1000,,0,0,44000,,,,0,,0,0,0,,0,39000,0,0,0,0,,0,0,,,0,3000,,,,0,,,0,,,,,29393000,0,,0,0,,0,,0,0,0,,,,,,,,9055000,1625000,0,1458000,195000,,,0,0,,,0,,,0,,,,,0,,0,1874000,0,,0,,,,,,0,,,,,,0,10000,280000,,0,1671000,0,,2000,,,0,860000,0,0,,137000,,0,0
"1912-01-01 00:00:00",0,0,0,7000,,0,1000,,0,0,82000,,,,0,,0,0,0,,0,32000,0,0,0,0,,0,0,,,0,28000,,,,0,,,0,,,,,29725000,0,,0,0,,0,,0,0,0,,,,,,,,9165000,1899000,0,1144000,234000,,,0,0,,,0,,,0,,,,,0,,0,2208000,0,,6000,,,,,,0,,,,,,0,7000,234000,,0,1519000,0,,3000,,,0,949000,0,0,,135000,,0,0
"1913-01-01 00:00:00",0,0,0,19000,,0,1000,,0,0,278000,,,,0,,0,0,0,,0,30000,0,0,0,0,,0,0,,,0,13000,,,,0,,,55000,,,,,33126000,0,,0,0,,0,,0,0,0,,,,,,,,9011000,1848000,0,1114000,276000,,,0,0,,,0,,,0,,,,,0,,0,3457000,0,,20000,,,,,,0,,,,,,0,7000,273000,,0,1526000,0,,2000,,,0,1057000,0,0,,121000,,0,0
"1914-01-01 00:00:00",0,0,0,40000,,0,1000,,0,0,382000,,,,0,,0,0,0,,0,29000,0,0,0,0,,0,0,,,0,100000,,,,0,,,0,,,,,35435000,0,,0,0,,0,,0,0,0,,,,,,,,8930000,1810000,0,877000,257000,,,0,0,,,0,,,0,,,,,0,,0,2825000,0,,46000,,,,,,0,,,,,,0,6000,371000,,0,1569000,0,,4000,,,0,987000,0,0,,110000,,0,0
"1915-01-01 00:00:00",0,0,0,74000,,0,1000,,0,0,457000,,,,0,,0,0,0,,0,29000,0,0,0,0,,0,0,,,0,30000,,,,0,,,0,,,,,37480000,0,,0,0,,0,,0,0,0,,,,,,,,9271000,1588000,0,759000,363000,,,0,0,,,0,,,0,,,,,0,,0,4388000,0,,56000,,,,,,0,,,,,,0,6000,412000,,0,1598000,0,,7000,,,0,1094000,0,0,,99000,,0,0
"1916-01-01 00:00:00",0,1000,0,126000,,0,0,,0,0,654000,,,,0,,0,0,0,,0,26000,0,0,0,0,,0,0,,,0,58000,,,,0,,,0,,,,,40100000,0,,0,0,,0,,0,0,0,,,,,,,,9871000,899000,0,896000,364000,,,0,0,,,0,,,0,,,,,0,,0,5416000,0,,91000,,,,,,0,,,,,,0,7000,417000,,0,1730000,0,,6000,,,0,1132000,0,0,,93000,,0,0
"1917-01-01 00:00:00",0,1000,0,177000,,0,0,,0,0,912000,,,,0,,0,0,0,,0,29000,0,0,0,0,,0,0,,,8000,137000,,,,0,,,0,,,,,44710000,0,,0,0,,0,,0,0,0,,,,,,,,8757000,724000,0,807000,347000,,,0,0,,,0,,,0,,,,,0,,0,8252000,0,,78000,,,,,,0,,,,,,0,6000,403000,,0,1791000,0,,9000,,,0,1077000,0,0,,91000,,0,0
"1918-01-01 00:00:00",0,1000,0,196000,,0,0,,0,0,1124000,,,,0,,0,0,0,,0,41000,0,0,0,0,,0,0,,,8000,282000,,,,0,,,52000,,,,,47457000,0,,0,0,,0,,0,0,0,,,,,,,,3690000,969000,0,773000,335000,,,0,0,,,0,,,0,,,,,0,,0,9506000,0,,73000,,,,,,0,,,,,,0,5000,344000,,0,1764000,0,,0,,,0,1067000,0,0,,38000,,0,0
"1919-01-01 00:00:00",0,1000,0,193000,,0,0,,0,0,1408000,,,,0,,0,0,0,,0,32000,0,0,0,0,,0,0,,,8000,224000,,,,0,,,48000,,,,,52099000,0,,0,0,,0,,0,0,0,,,,,,,,4437000,856000,0,832000,349000,,,0,0,,,0,,,0,,,,,0,,0,12964000,0,,86000,,,,,,0,,,,,,0,5000,315000,,0,2160000,0,,0,,,0,1164000,0,0,,37000,,0,0
"1920-01-01 00:00:00",0,1000,0,239000,,0,0,,0,0,1772000,,,,0,,0,0,0,,0,26000,0,0,0,0,,0,0,,,8000,148000,,,,0,,,55000,,,,,62122000,0,,0,0,,0,,0,0,0,,,,,,,,3900000,1109000,0,765000,373000,,,0,0,,,0,,,0,,,,,0,,0,24410000,0,,147000,,,,,,0,,,,,,0,5000,313000,,0,2365000,0,,0,,,0,1170000,0,0,,35000,,0,0
"1921-01-01 00:00:00",0,0,0,302000,,0,0,,0,0,2365000,,,,0,,0,0,0,,0,27000,0,10000,0,0,,0,0,,,8000,183000,,,,0,,,56000,,,,,64718000,0,,0,0,,0,,0,0,0,,,,,,,,3800000,1168000,0,705000,489000,,,0,0,,,0,,,0,,,,,0,,0,28978000,0,,203000,,,,,,0,,,,,,0,4000,298000,,0,2359000,0,,0,,,0,1268000,0,0,,38000,,0,0
"1922-01-01 00:00:00",0,1000,0,439000,,0,0,,0,0,3007000,,,,0,,0,0,0,,0,26000,0,46000,0,0,,0,0,,,8000,173000,,,,0,,,70000,,,,,76415000,0,,0,0,,0,,0,0,0,,,,,,,,4700000,1373000,0,713000,701000,,,0,0,,,0,,,0,,,,,0,,0,27312000,0,,410000,,,,,,0,,,,,,0,4000,285000,,0,2382000,0,,0,,,0,1238000,0,0,,42000,,0,0
"1923-01-01 00:00:00",0,1000,0,497000,,0,0,,0,0,3774000,,,,0,,0,0,0,,0,25000,0,61000,0,0,,0,0,,,12000,153000,,,,0,,,70000,,,,,100371000,0,,0,0,,0,,0,0,0,,,,,,,,5300000,1512000,0,737000,752000,,,0,0,,,0,,,0,,,,,0,,0,22704000,0,,567000,,,,,,0,,,,,,0,5000,251000,,0,2833000,0,,0,,,0,1220000,0,0,,51000,,0,0
"1924-01-01 00:00:00",0,2000,0,677000,,0,0,,0,0,4403000,,,,0,,0,0,0,,0,23000,0,64000,0,0,,0,0,,,14000,163000,,,,0,,,74000,,,,,98024000,0,,0,0,,0,,0,0,0,,,,,,,,6100000,1860000,0,771000,1046000,,,0,0,,,0,,,0,,,,,0,,0,21367000,0,,602000,,,,,,0,,,,,,0,5000,252000,,0,2926000,0,,0,,,0,1222000,0,0,,59000,,0,0
"1925-01-01 00:00:00",0,2000,0,887000,,0,0,,0,0,4629000,,,,0,,0,0,0,,0,48000,0,144000,0,0,,0,0,,,23000,180000,,,,0,,,65000,,,,,104622000,0,,0,0,,0,,0,0,0,,,,,,,,7100000,2317000,0,812000,1220000,,,0,0,,,0,,,0,,,,,0,,0,17626000,0,,613000,,,,,,0,,,,,,0,8000,266000,,0,3066000,0,,0,,,0,1201000,0,0,,79000,,0,0
"1926-01-01 00:00:00",0,1000,0,1146000,,0,0,,0,0,4909000,,,,0,,0,0,0,,0,47000,0,920000,2000,0,,0,0,,,30000,173000,,,,0,,,67000,,,,,106474000,0,,0,0,,0,,0,0,0,,,,,,,,8300000,3244000,0,796000,1395000,,,0,0,,,0,,,0,,,,,0,,0,13758000,0,,713000,,,,,,0,,,,,,0,5000,248000,,0,3019000,0,,0,,,0,1100000,0,0,,95000,,0,0
"1927-01-01 00:00:00",0,1000,0,1257000,,0,0,,0,0,5489000,,,,0,,0,0,0,,0,61000,0,2144000,3000,0,,0,0,,,76000,185000,,,,0,,,73000,,,,,123486000,0,,0,0,,0,,0,0,0,,,,,,,,10300000,3669000,0,723000,1386000,,,0,0,,,0,,,0,,,,,0,,0,9728000,0,,712000,,,,,,0,,,,,,0,6000,248000,,45000,3694000,0,,0,,,0,1118000,0,0,,97000,,0,0
"1928-01-01 00:00:00",0,1000,0,1318000,,0,0,,0,0,5857000,,,,1000,,0,0,1029000,,0,80000,0,2841000,3000,0,,0,0,,,154000,268000,,,,0,,,74000,,,,,123592000,0,,0,0,,0,,0,0,0,,,,,,,,11600000,4282000,0,743000,1592000,,,0,0,,,0,,,0,,,,,0,,0,7184000,0,,751000,,,,,,0,,,,,,0,6000,261000,,94000,4308000,0,,0,,,0,172000,0,0,,92000,,0,0
"1929-01-01 00:00:00",0,3000,0,1362000,,0,0,,0,0,5670000,,,,3000,,0,0,994000,,0,144000,0,2911000,4000,0,,0,0,,,196000,272000,,,,0,,,75000,,,,,138104000,0,,0,0,,0,,0,0,0,,,,,,,,13700000,4837000,0,675000,1777000,,,0,0,,,0,,,0,,,,,0,,0,6401000,0,,760000,,,,,,0,,,,,,0,6000,278000,,121000,5239000,0,,0,,,0,207000,0,0,,103000,,0,0
"1930-01-01 00:00:00",0,2000,0,1305000,,0,0,,0,0,6156000,,,,4000,,0,0,1006000,,0,196000,0,2782000,50000,0,,0,0,,,221000,285000,,,,0,,,76000,,,,,123117000,0,,0,0,,0,,0,0,0,,,,,,,,18500000,5792000,0,663000,1656000,,,0,0,,,0,,,0,,,,,0,,0,5662000,0,,699000,,,,,,0,,,,,,0,8000,282000,,121000,5031000,0,,0,,,0,214000,0,0,,174000,,0,0
"1931-01-01 00:00:00",0,1000,0,1652000,,0,0,,0,0,5963000,,,,2000,,0,4000,957000,,0,198000,0,2484000,61000,0,,0,0,,,250000,289000,,,,0,,,74000,,,,,116683000,0,,0,0,,0,,0,0,0,,,,,,,,22400000,6756000,0,631000,1340000,,,0,0,,,0,,,0,,,,,0,,0,4733000,0,,529000,,,,,,0,,,,,,0,16000,273000,,120000,4598000,0,,0,,,0,240000,0,0,,229000,,0,0
"1932-01-01 00:00:00",0,1000,0,1875000,,0,0,,0,0,6671000,,,,5000,,0,179000,971000,,0,134000,0,2237000,70000,0,,0,0,,,227000,271000,,,,0,,,75000,,,,,107645000,0,,0,0,,0,,0,0,0,,,,,,,,21400000,7348000,0,557000,1313000,,,0,0,,,0,,,0,,,,,0,,0,4699000,0,,341000,,,,,,0,,,,,,0,27000,226000,,122000,5069000,0,,0,,,0,239000,0,0,,230000,,0,0
"1933-01-01 00:00:00",2000,1000,0,1951000,,0,1000,,4000,0,7319000,,,,14000,,0,285000,977000,,0,147000,0,1792000,87000,0,,0,0,,,230000,238000,,,,0,,,79000,,,,,122536000,0,,0,0,,0,,0,0,0,,,,,,,,21500000,7377000,0,551000,1762000,,,0,0,,,0,,,0,,,,,1000,,0,4870000,0,,326000,,,,,,0,,,,,,0,27000,202000,,115000,5535000,0,,0,,,0,224000,0,0,,239000,,0,0
"1934-01-01 00:00:00",2000,0,0,1998000,,0,4000,,39000,0,8631000,,,,20000,,0,378000,999000,,0,181000,0,2362000,92000,0,,0,0,,,232000,221000,,,,0,,,78000,,,,,122931000,0,,0,0,,0,,0,0,0,,,,,,,,24200000,8466000,0,529000,2162000,,,0,0,,,0,,,0,,,,,1000,,0,5468000,0,,282000,,,,,,0,,,,,,0,20000,254000,,934000,6055000,0,,0,,,0,264000,0,0,,318000,,0,0
"1935-01-01 00:00:00",6000,0,0,2037000,,0,7000,,173000,0,11339000,,,,21000,,0,449000,986000,,0,186000,0,2402000,141000,0,,0,0,,,245000,182000,,,,0,,,76000,,,,,134675000,0,,0,0,,0,,0,0,0,,,,,,,,25200000,8376000,0,515000,2253000,,,0,0,,,0,,,0,,,,,0,,0,5807000,0,,258000,,,,,,0,,,,,,0,16000,314000,,3558000,6082000,0,,0,,,0,280000,0,0,,427000,,0,0
"1936-01-01 00:00:00",41000,0,0,2212000,,0,8000,,635000,0,12861000,,,,13000,,0,459000,1014000,,0,193000,0,2576000,166000,0,,0,0,,,272000,183000,,,,0,,,70000,,,,,148606000,0,,0,0,,0,,0,0,0,,,,,,,,27400000,8703000,0,511000,2324000,,,0,0,,,0,,,0,,,,,0,,0,5878000,0,,226000,,,,,,0,,,,,,0,16000,352000,,3894000,6438000,0,,0,,,0,264000,0,0,,445000,,0,0
"1937-01-01 00:00:00",94000,0,0,2340000,,0,33000,,1061000,0,15512000,,,,16000,,0,573000,1049000,,0,309000,0,2807000,194000,0,,0,0,,,285000,171000,,,,0,,,70000,,,,,172865000,0,,0,0,,0,,0,0,0,,,,,,,,28500000,7150000,0,501000,2300000,,,0,0,,,0,,,0,,,,,3000,,0,6711000,0,,213000,,,,,,0,,,,,,0,14000,353000,,4113000,7262000,0,,2000,,,0,289000,0,0,,451000,,0,0
"1938-01-01 00:00:00",114000,0,0,2444000,,0,57000,,1133000,0,15697000,,,,18000,,0,707000,1007000,,0,873000,0,2984000,272000,0,,0,0,,,297000,226000,,,,0,,,72000,,,,,164107000,0,,0,0,,0,,0,0,0,,,,,,,,30200000,6594000,0,507000,2097000,,,0,0,,,0,,,0,,,,,3000,,0,5510000,0,,203000,,,,,,0,,,,,,0,13000,352000,,4138000,7398000,0,,43000,,,0,333000,0,0,,609000,,0,0
"1939-01-01 00:00:00",141000,0,0,2663000,,0,144000,,1038000,0,15272000,,,,28000,,0,781000,1053000,,0,1017000,0,3300000,384000,0,,0,0,,,305000,666000,,,,0,,,70000,,,,,170946000,4000,,0,0,,0,,0,0,0,,,,,,,,30300000,6240000,0,525000,1794000,,,0,0,,,0,,,0,,,,,5000,,0,6138000,0,,168000,,,,,,0,,,,,,0,12000,322000,,3963000,7949000,0,,144000,,,0,311000,0,0,,740000,,0,0
"1940-01-01 00:00:00",226000,0,0,2948000,,0,413000,,967000,0,12927000,,,,38000,,0,869000,1034000,,0,1128000,0,3535000,585000,0,,0,0,,,310000,929000,,,,0,,,69000,,,,,182873000,17000,,0,0,,0,,0,0,0,,,,,,,,31100000,5810000,0,524000,1609000,,,0,0,,,0,,,0,,,,,5000,,0,6301000,0,,151000,,,,,,0,,,,,,0,1000,298000,,2507000,7939000,0,,254000,,,0,369000,0,0,,1056000,,0,0
"1941-01-01 00:00:00",202000,0,0,3150000,,0,652000,,929000,0,9787000,,,,31000,,0,621000,1038000,,0,1330000,0,3408000,663000,0,,0,0,,,205000,1221000,,,,0,,,58000,,,,,189496000,31000,,0,0,,0,,0,0,0,,,,,,,,32201000,5453000,0,242000,1583000,,,0,0,,,0,,,0,,,,,6000,,0,6160000,0,,108000,,,,,,0,,,,,,0,12000,258000,,1567000,6885000,0,,422000,,,0,387000,0,0,,902000,,0,0
"1942-01-01 00:00:00",242000,0,0,3392000,,0,871000,,853000,0,13615000,,,,40000,,4000,406000,334000,,0,1360000,0,1465000,817000,0,,0,0,,,301000,1182000,,,,0,,,65000,,,,,187390000,83000,,0,0,,0,,0,0,0,,,,,,,,30781000,5665000,0,377000,1810000,,,0,0,,,0,,,0,,,,,5000,,0,4982000,0,,0,,,,,,0,,,,,,0,13000,236000,,2595000,3083000,0,,666000,,,0,373000,0,0,,744000,,0,0
"1943-01-01 00:00:00",151000,0,0,3553000,,0,1104000,,899000,0,14983000,,,,44000,,6000,610000,134000,,0,1295000,0,1853000,311000,0,,0,0,,,305000,1285000,,,,0,,,68000,,,,,203408000,115000,,0,0,,0,,0,0,0,,,,,,,,27360000,5273000,0,472000,1948000,,,0,0,,,0,,,0,,,,,5000,,0,5031000,0,,0,,,,,,0,,,,,,0,11000,244000,,3572000,6203000,0,,839000,,,0,366000,0,0,,711000,,0,0
"1944-01-01 00:00:00",50000,1000,0,3467000,,0,1213000,,918000,0,19632000,,,,41000,,8000,813000,100000,,0,1304000,0,3133000,201000,0,,0,0,,,382000,1353000,,,,0,,,59000,,,,,226751000,96000,,0,0,,0,,0,0,0,,,,,,,,37234000,3525000,0,404000,1914000,,,0,0,,,0,,,0,,,,,4000,,0,5467000,0,,0,,,,,,0,,,,,,0,7000,229000,,4164000,2859000,0,,833000,,,0,372000,0,0,,722000,,0,0
"1945-01-01 00:00:00",40000,0,0,3274000,,0,445000,,999000,0,25588000,,,,50000,,10000,300000,97000,,0,1091000,0,3157000,175000,0,,0,0,,,345000,1350000,,,,0,,,29000,,,,,231582000,73000,,0,0,,0,,0,0,0,,,,,,,,19400000,4640000,0,101000,1827000,,,0,0,,,0,,,0,,,,,3000,,0,6231000,0,,0,,,,,,0,,,,,,0,7000,221000,,4607000,976000,0,,655000,,,0,316000,0,0,,543000,,0,0
"1946-01-01 00:00:00",151000,0,0,2976000,,0,845000,,1095000,0,34273000,,,,47000,,9000,290000,2000,,0,966000,0,3102000,70000,0,,12000,0,,,307000,1282000,,,,0,,,52000,,,,,234323000,56000,,0,0,,0,,0,0,0,,,,,,,,21746000,4193000,0,117000,1639000,,,0,0,,,0,,,0,,,,,3000,,0,7046000,63000,,0,,,,,,800000,,,,,,0,11000,192000,,4680000,302000,0,,685000,,,0,293000,0,0,,650000,,0,0
"1947-01-01 00:00:00",302000,0,0,3126000,,0,910000,,1287000,0,41008000,,,,49000,,13000,1728000,8000,,0,982000,0,3455000,52000,0,,17000,0,,,311000,1334000,,,,0,,,50000,,,,,250952000,47000,,1000,0,,0,,0,0,0,,,,,,,,26022000,3810000,0,128000,1699000,,,50000,0,,,0,,,0,,,,,3000,,0,8053000,213000,,25000,,,,,,2200000,,,,,,0,10000,181000,,4702000,1113000,0,,570000,,,0,249000,0,0,,577000,,0,0
"1948-01-01 00:00:00",227000,0,0,3323000,,0,950000,,1492000,0,55666000,,,,60000,,19000,2687000,50000,,0,1597000,0,3291000,73000,0,,13000,0,,,338000,1881000,,,,0,,,52000,,,,,273007000,44000,,3000,0,,0,,0,0,0,,,,,,,,29249000,4149000,0,140000,1872000,,,65000,0,,,0,,,0,,,,,13000,,0,8372000,496000,,47000,,,,,,6400000,,,,,,0,9000,159000,,3426000,4347000,0,,485000,,,0,251000,0,0,,635000,,0,0
"1949-01-01 00:00:00",331000,0,0,3232000,,0,1150000,,1502000,0,68523000,,,,88000,,14000,3356000,34000,,0,2815000,7000,4111000,118000,0,,9000,0,,,338000,2289000,,,,0,,,58000,,,,,248919000,46000,,12000,0,,0,,0,0,0,,,,,,,,33444000,4700000,100000,152000,1968000,,,126000,0,,,0,,,0,,,,,17000,,0,7818000,621000,,58000,,,,,,12378000,,,,,,0,9000,194000,,4067000,6198000,0,,506000,,,0,253000,0,0,,842000,,0,0
"1950-01-01 00:00:00",132000,3000,0,3357000,,0,1699000,,1506000,0,85825000,,,,83000,,44000,4116000,70000,,0,3906000,82000,4711000,202000,0,,15000,0,,,347000,2607000,,,,0,,,128000,,,,,266708000,46000,,17000,0,,0,,52000,0,1000,,,,,,,,37878000,5047000,1636000,162000,2051000,,,175000,0,,,0,,,0,,,,,39000,,0,10155000,705000,,58000,,,,,,17190000,,,,,,0,8000,293000,,6584000,7077000,0,,512000,,,0,259000,0,0,,1119000,,0,0
"1951-01-01 00:00:00",122000,7000,0,3501000,,0,2283000,,1503000,0,94490000,,,,68000,,90000,4971000,114000,,0,6404000,99000,5311000,306000,0,,13000,0,,,357000,2332000,,,,0,,,291000,,,,,303754000,45000,,19000,0,,0,,40000,0,1000,,,,,,,,42253000,6211000,2370000,181000,2139000,,,185000,0,,,0,,,0,,,,,76000,,0,10840000,714000,,52000,,,,,,28017000,,,,,,0,18000,336000,,8592000,8355000,0,,499000,,,0,269000,0,0,,1367000,,0,0
"1952-01-01 00:00:00",149000,46000,0,3552000,,0,2764000,,1505000,0,102382000,,,,67000,,98000,5074000,126000,,0,8236000,119000,5353000,436000,0,,15000,0,,,375000,2352000,,,,0,,,350000,,,,,309447000,56000,,22000,0,,0,,40000,0,8000,,,,,,,,47311000,8002000,3297000,215000,2249000,,,217000,0,,,0,,,0,,,,,101000,,0,10980000,715000,,51000,,,,,,37386000,,,,,,0,64000,306000,,18521000,8781000,0,,598000,,,0,263000,0,0,,1755000,,0,0
"1953-01-01 00:00:00",150000,85000,0,4080000,,0,3221000,,1501000,0,119277000,,,,78000,,119000,4881000,142000,,0,10881000,164000,5454000,622000,0,,21000,0,,,391000,2351000,,,,0,,,367000,,,,,318535000,55000,,27000,0,,0,,66000,0,15000,,,,,,,,52777000,9058000,4062000,189000,2137000,,,242000,0,,,0,,,0,,,,,103000,,0,10160000,820000,,50000,,,,,,43014000,,,,,,0,85000,296000,,28186000,10487000,0,,846000,,,0,272000,0,0,,2189000,,0,0
"1954-01-01 00:00:00",175000,73000,0,4229000,,0,3448000,,1503000,0,135204000,,,,221000,,129000,4788000,180000,,5000,12923000,226000,5530000,789000,0,,14000,0,,,415000,1970000,,,,0,,,505000,,,,,312846000,59000,,58000,0,,0,,62000,0,22000,,,,,,,,59281000,9741000,4778000,184000,2292000,,,266000,0,,,0,,,0,,,,,118000,,0,11730000,939000,,71000,,,,,,47915000,,,,,,0,72000,300000,,30625000,11329000,0,,1217000,,,0,307000,0,0,,2666000,,0,0
"1955-01-01 00:00:00",208000,55000,0,4365000,,0,3666000,,1502000,0,159382000,,,,351000,,264000,5253000,211000,,150000,17410000,336000,5493000,966000,0,,51000,0,,,466000,1821000,,,,0,,,878000,,,,,335744000,54000,,179000,0,,0,,83000,0,35000,,,,,,,,70793000,10555000,5438000,180000,2303000,,,283000,0,,,0,,,0,,,,,102000,,20000,12535000,1024000,,67000,,,,,,55106000,,,,,,0,204000,314000,,33241000,12204000,1000,,1601000,,,0,347000,0,0,,3147000,,0,0
"1956-01-01 00:00:00",266000,34000,8000,4437000,,0,3428000,,1506000,0,169736000,,,,417000,,531000,5637000,231000,,247000,23131000,462000,6104000,1163000,0,,71000,0,,,451000,1729000,,,,0,,,1264000,,,,,353698000,66000,,306000,0,,0,,88000,0,59000,,,,,,,,83806000,10920000,5876000,184000,2455000,,,290000,0,,,0,,,0,,,,,97000,,20000,12713000,1097000,,72000,,,,,,55507000,,,,,,0,569000,310000,,31475000,13093000,21000,,1202000,,,0,396000,0,0,,3510000,,0,0
"1957-01-01 00:00:00",490000,21000,10000,4858000,,0,3186000,,1599000,0,174800000,,,,466000,,1321000,5524000,395000,,285000,24459000,565000,6327000,1460000,0,,57000,0,,,421000,2397000,,,,0,,,1411000,,,,,353646000,82000,,298000,0,,0,,95000,0,72000,,,,,,,,98346000,11180000,6648000,181000,2567000,,,301000,0,,,0,,,1000,,,,,75000,,23000,12378000,1523000,,67000,,,,,,58542000,,,,,,0,1262000,321000,,21998000,15800000,54000,,675000,,,0,440000,0,0,,3965000,,0,173000
"1958-01-01 00:00:00",403000,429000,51000,5102000,,0,2836000,,2034000,0,210683000,,,,448000,,2473000,5209000,462000,,222000,22259000,726000,6342000,2264000,0,,46000,0,,,410000,3184000,,,,0,,,1386000,,,,,330955000,80000,,329000,0,,0,,94000,0,72000,,,,,,,,113216000,11336000,8222000,175000,2502000,,,311000,0,,,0,,,256000,,,,,74000,,35000,13115000,1621000,,58000,,,,,,71749000,,,,,,0,1546000,367000,,35817000,16377000,89000,,830000,,,0,439000,0,0,,4438000,,0,505000
"1959-01-01 00:00:00",479000,1232000,51000,6378000,,0,2458000,,2252000,0,227049000,,,,413000,,3083000,5390000,529000,,192000,24853000,838000,7261000,3700000,0,,26000,0,,,364000,3155000,,,,0,,,1618000,,,,,347929000,83000,,390000,0,,0,,93000,0,62000,,,,,,,,129557000,11438000,7993000,175000,2360000,,,319000,0,,,0,,,533000,,,,,95000,,35000,13516000,1773000,,56000,,,,,,72053000,,,,,,0,1695000,406000,,41940000,18448000,128000,,1036000,,,0,450000,0,0,,5110000,,0,753000
"1960-01-01 00:00:00",728000,8632000,67000,9138000,,0,2448000,,2256000,0,260770000,,,,466000,,3870000,4583000,545000,,200000,25509000,943000,7584000,5500000,52000,,14000,0,,,360000,3319000,,,,0,,,1977000,,,,,347975000,86000,,375000,0,,6000,,102000,0,64000,,,,,,,,147859000,11500000,8212000,194000,2572000,,,361000,0,,,0,,,837000,,,,,92000,,29000,13889000,1918000,,60000,,,,,,84820000,,,,,,0,1998000,526000,,47467000,20809000,129000,,1217000,,,0,454000,0,0,,5530000,,0,800000
"1961-01-01 00:00:00",771000,15657000,104000,11752000,,0,2356000,,2248000,0,279254000,,,,390000,,4549000,4124000,564000,,207000,29722000,1208000,7238000,6200000,103000,,10000,0,,,386000,3819000,,,,0,,,2163000,,,,,354303000,106000,,442000,0,,14000,,107000,0,65000,,,,,,,,166068000,11582000,8382000,203000,2587000,,,387000,0,,,0,,,2234000,,,,,80000,,26000,14973000,2046000,,60000,,,,,,86903000,,,,,,0,1972000,657000,,48979000,21284000,135000,,1457000,,,876000,513000,0,0,,6207000,,0,774000
"1962-01-01 00:00:00",785000,20507000,471000,13715000,,0,2394000,,2249000,0,306507000,,,,364000,,4367000,3790000,584000,,199000,32865000,1524000,7059000,6800000,123000,,12000,0,,,340000,4735000,,,,0,,,2370000,,,,,361659000,111000,,595000,0,,7000,,101000,0,65000,,,,,,,,186244000,11864000,8808000,203000,2822000,,,457000,0,,,0,,,3274000,,,,,127000,,23000,15680000,2157000,,58000,,,,,,98140000,,,,,,0,1806000,724000,,49168000,22760000,135000,,1641000,,,8781000,1078000,0,0,,6806000,,0,827000
"1963-01-01 00:00:00",751000,23637000,800000,13566000,,0,2620000,,2256000,0,337923000,,,,443000,,4669000,3438000,636000,,173000,34655000,1722000,8228000,7500000,109000,,31000,0,,,325000,5648000,,,,0,,,2522000,,,,,372001000,123000,,746000,0,,6000,,79000,0,65000,,,,,,,,206069000,12233000,9095000,212000,2867000,,,477000,0,,,0,,,3712000,,,,,150000,,19000,16106000,2215000,,52000,,,,,,105191000,,,,,,0,1784000,808000,,56669000,22275000,151000,,1756000,,,22272000,1652000,0,0,,7418000,,0,888000
"1964-01-01 00:00:00",764000,26489000,905000,14004000,,190000,2663000,,2461000,0,378280000,,,,428000,,4353000,3544000,556000,,160000,36937000,1784000,8597000,8500000,83000,,37000,0,,,369000,6355000,,,,0,,,2846000,,,,,376609000,127000,,921000,0,,2000,,81000,0,65000,,,,,,,,223603000,12395000,10125000,282000,3181000,,,547000,0,,,0,,,5933000,,,,,120000,,18000,16207000,2270000,,49000,,,,,,115793000,,,,,,0,2669000,689000,,61627000,22919000,199000,,1801000,,,41409000,2212000,0,0,,7733000,,0,1058000
"1965-01-01 00:00:00",822000,26481000,655000,13672000,,333000,2855000,,2842000,0,413968000,,,,438000,,4488000,3936000,545000,,229000,39868000,1656000,10124000,10000000,71000,,57000,0,,,376000,6478000,,,,0,,,2998000,,,,,384946000,82000,,1533000,0,,2000,,57000,0,70000,,,,,,,,242888000,12571000,10961000,339000,3081000,,,535000,0,,,0,,,13426000,,,,,103000,,14000,16540000,2395000,,49000,,,,,,118457000,,,,,,0,2210000,676000,,64474000,23999000,204000,,1803000,,,58492000,3822000,0,0,,7964000,,0,1264000
"1966-01-01 00:00:00",886000,33862000,631000,14559000,,531000,2757000,,3079000,0,461570000,,,,793000,,5548000,4693000,568000,,404000,43112000,1620000,9928000,13000000,62000,,69000,0,,,351000,6257000,,,,0,,,2932000,,,,,409170000,77000,,2041000,771000,,2000,,27000,0,75000,,,,,,,,265125000,12825000,13845000,400000,3075000,,,517000,0,,,0,,,20598000,,,,,103000,,12000,16990000,2366000,,48000,,,,,,124688000,,,,,,0,1758000,782000,,67959000,23240000,188000,,1705000,,,72645000,4647000,0,0,,7948000,,0,1447000
"1967-01-01 00:00:00",984000,39075000,537000,16015000,,1023000,2685000,,3469000,0,492415000,,,,1894000,,7079000,5099000,587000,,499000,47249000,1620000,9603000,11000000,50000,,116000,0,,,288000,6696000,,,,0,,,2832000,,,,,434573000,87000,,2752000,2241000,,2000,,0,0,84000,,,,,,,,288068000,13206000,15483000,450000,3453000,,,502000,2857000,,,0,,,16551000,,,,,99000,,10000,18702000,2265000,,46000,,,,,,125478000,,,,,,0,1606000,788000,,59884000,25155000,134000,,1686000,,,83477000,5667000,0,0,,8007000,,0,3444000
"1968-01-01 00:00:00",1134000,42904000,750000,17525000,,1868000,2724000,,3773000,0,543049000,,,,1954000,,7684000,5978000,729000,,475000,51029000,1785000,9010000,15000000,43000,,198000,0,,,240000,10607000,,,,0,,,2688000,,,,,449885000,84000,,3104000,3191000,,4000,,0,0,127000,,,,,,,,309150000,13285000,16285000,475000,3613000,,,518000,12012000,,,0,,,7014000,,,,,89000,,8000,19947000,2147000,,202000,,,,,,131462000,,,,,,0,1505000,744000,,73775000,29712000,118000,,1807000,,,125539000,5853000,0,0,,8062000,,0,4642000
"1969-01-01 00:00:00",1307000,44784000,2458000,18166000,,2007000,2758000,,3798000,0,592664000,,,,1876000,,8239000,6107000,794000,,325000,55124000,1711000,10934000,14600000,27000,,206000,0,,,212000,14795000,,,,0,,,2499000,,,,,455602000,77000,,3623000,3704000,,2000,,0,0,190000,,,,,,,,328373000,13246000,17025000,439000,3519000,,,533000,16368000,,,0,,,26575000,,,,,59000,,5000,21058000,2020000,,447000,,,,,,139325000,,,,,,0,1477000,749000,,74485000,36620000,99000,,1754000,,,149881000,6723000,0,0,,7961000,,0,5028000
"1970-01-01 00:00:00",1487000,48205000,5065000,20026000,,8494000,2798000,,3825000,0,665694000,,,,1122000,,7980000,6685000,798000,,334000,62000000,1468000,11327000,23930000,19000,,159000,0,,,193000,20904000,,,,0,,,2309000,,,,,475289000,84000,,3542000,4151000,,10000,,0,0,151000,,,,,,,,353039000,13377000,17373000,424000,3550000,,,453000,16583000,,,0,,,54203000,,,,,44000,,0,21508000,1919000,,859000,,,,,,150636000,,,,,,0,1405000,770000,,76457000,42598000,77000,,1937000,,,159814000,6809000,0,0,,7625000,,0,5423000
"1971-01-01 00:00:00",1657000,37082000,5721000,21758000,,15581000,2516000,,3739000,0,783990000,,,,1710000,,8303000,6341000,872000,,305000,66193000,1402000,11127000,36650000,14000,,120000,0,,,179000,21152000,,,,0,,,1861000,,,,,466704000,83000,,3452000,4109000,,13000,,0,0,123000,,,,,,,,377075000,13793000,20645000,395000,3053000,,,401000,14685000,,,293000,,,76377000,,,,,23000,,0,21416000,1714000,,3276000,,,,,,160856000,,,,,,0,1288000,752000,,83266000,44100000,63000,,1955000,,,132974000,7185000,0,0,,7515000,,0,5785000
"1972-01-01 00:00:00",2150000,50086000,7057000,22130000,,16075000,2478000,,3488000,0,875186000,,,,2031000,,8138000,8823000,968000,,248000,75421000,1417000,10142000,42950000,336000,,112000,76000,,,4016000,16840000,,,,0,,,1484000,,,,,466956000,83000,,3388000,3977000,,6000,,0,0,138000,,,,,,,,400440000,14128000,23493000,347000,3204000,,,387000,14056000,,,1626000,,,90918000,,,,,28000,,0,22166000,1597000,,4432000,,,,,,165800000,,,,,,0,1152000,716000,,72144000,53756000,48000,,1977000,,,108287000,7373000,0,0,,7199000,,0,6309000
"1973-01-01 00:00:00",2107000,50822000,8154000,21476000,,19137000,2579000,,3411000,0,1027688000,,,,2196000,,8276000,11053000,981000,,190000,88028000,1276000,9493000,51250000,2091000,,138000,68000,,,10615000,14089000,,,,0,,,1254000,,,,,454190000,88000,,3511000,3879000,,6000,,0,0,764000,,,,,,,,429037000,14287000,27502000,392000,3482000,,,373000,14630000,,,1584000,,,101765000,,,,,42000,,0,23255000,1492000,,4340000,,,,,,152418000,,,,,,0,1048000,700000,,99542000,66216000,39000,,1989000,,,104882000,7198000,0,0,,6702000,,0,7598000
"1974-01-01 00:00:00",1770000,47006000,8541000,21139000,,18956000,2238000,,3363000,0,1058890000,,,,2112000,,8617000,9620000,894000,,144000,82529000,1110000,8686000,65000000,2455000,,168000,89000,,,8989000,12241000,,,,0,,,1080000,,,,,432794000,88000,,3309000,4139000,,6000,,0,0,1976000,,,,,,,,458848000,14486000,24698000,550000,3815000,,,323000,14466000,,,1706000,,,111578000,,,,,24000,,0,29593000,1461000,,3870000,,,,,,128609000,,,,,,0,1023000,672000,,96859000,67499000,40000,,1997000,,,73364000,7490000,0,0,,6245000,,0,10202000
"1975-01-01 00:00:00",1820000,47540000,7791000,20773000,,20159000,2037000,,3050000,0,942627000,,,,1874000,,8352000,9290000,955000,,122000,70087000,994000,8102000,75000000,1789000,,226000,148000,,,8155000,16755000,,,,0,,,1028000,,,,,413090000,996000,,3095000,4609000,,6000,,0,0,2028000,,,,,,,,490801000,14590000,21102000,553000,3553000,,,261000,17016000,,,9276000,,,88440000,,,,,20000,,1000,36889000,1419000,,4683000,,,,,,105232000,,,,,,0,1018000,606000,,111168000,64138000,35000,,2006000,,,71533000,8283000,0,0,,5797000,,0,11096000
"1976-01-01 00:00:00",1900000,50094000,7564000,20810000,,20516000,1931000,,2902000,0,1070024000,,,,1890000,,8121000,10970000,1159000,,117000,64529000,938000,7553000,85000000,2100000,,235000,195000,,,9488000,16756000,,,,0,,,1057000,,,,,401252000,11376000,,2595000,3710000,,8000,,3000,0,1772000,,,,,,,,519877000,14700000,24018000,455000,3775000,,,271000,18290000,,,13799000,,,103479000,,,,,9000,,0,41337000,1371000,,8026000,,,,,,108046000,,,,,,0,1109000,580000,,118905000,74195000,36000,,2142000,,,93452000,8659000,13000,0,,5577000,,0,11326000
"1977-01-01 00:00:00",1950000,53519000,7602000,22167000,,20580000,1787000,,2895000,0,1076846000,,,,1612000,,7810000,10540000,1343000,,129000,64667000,928000,7106000,93640000,1639000,,256000,503000,,,9283000,24075000,,,,38000,,,1032000,,,,,405712000,37418000,,2604000,4304000,,14000,,1000,0,844000,,,,,,,,545799000,14650000,21414000,364000,4496000,,,477000,16968000,,,13554000,,,102969000,,,,,22000,,0,49279000,1382000,,8733000,,,,,,98633000,,,,,,0,1083000,593000,,115145000,82931000,24000,,2191000,,,99503000,10185000,7000,0,,5468000,,0,11267000
"1978-01-01 00:00:00",2100000,57195000,6469000,23236000,,20547000,1790000,,2754000,0,1026506000,,,,1506000,,7788000,11146000,1413000,,246000,64448000,780000,6755000,104050000,2569000,,240000,432000,,,10223000,24417000,,,,505000,,,1105000,,,,,428490000,52146000,,2731000,4944000,,15000,,1000,0,980000,,,,,,,,571531000,13724000,23555000,363000,7442000,,,471000,15696000,,,16957000,,,94760000,,,,,24000,,0,63328000,1390000,,10320000,,,,,,107398000,,,,,,0,1452000,541000,,125629000,80447000,24000,,2200000,,,95857000,11271000,30000,0,,5125000,,20000,10600000
"1979-01-01 00:00:00",2100000,56898000,8775000,24279000,,19795000,1728000,,2556000,0,1042859000,,,,1294000,,8042000,12079000,1514000,,260000,73279000,1010000,6410000,106150000,2783000,,240000,430000,,,10874000,26598000,,,,2004000,,,1197000,,,,,420818000,77165000,,2823000,5537000,,15000,,1000,0,1158000,,,,,,,,585571000,12323000,24500000,331000,9453000,,,496000,14722000,,,18819000,,,114500000,,,,,19000,,0,75475000,1084000,,13465000,,,,,,125313000,,,,,,0,1720000,482000,,170493000,78072000,21000,,2027000,,,100868000,12841000,78000,0,,4834000,,20000,10316000
"1980-01-01 00:00:00",2560926.2,58403278,8069935.8,27621881,,22220110,1607100.7,,2913669.8,0,998626750.8,,0,0,1579813.2,0,10164685,14178699,1667159.1,0,162921.88,89124977,2220589.4,7187394.1,114727550,3468170.9,,335287.3,314544.74,0,0,11350805,33302288,0,,,3184624.7,0,0,2461081.3,0,0,0,,517126890,89741974,,2537626.5,5764622.7,0,17150.681,,27398.273,0,1760763.6,0,0,,0,,0,,646315190,13295917,25394691,417306.72,10624345,0,0,541289.45,15362678,0,,26692823,0,0,111544570,0,0,,0,52968.763,,0,113858100,1661971.1,0,14830802,,0,0,,,94188263,0,,,0,0,54482.684,2199348.4,584761.14,0,135643070,87509117,1914971.4,0,3002012.5,0,0,96871773,9625194.5,274398.15,0,0,5087863.212,,108965.37,9511853.2
"1981-01-01 00:00:00",2553929.1,53533180,6974835.4,27787102,,22888496,1425079.9,,2805418.7,0,849815779.7,,0,0,1280996.8,0,11862670,9837718,1496343.6,0,162421.49,80821793,2563779.6,7112309,108893640,4416487.7,,511006.77,783937.1,0,0,11705543,33374851,0,,,4763885,0,0,2926965.5,0,0,0,,515913270,98814774,,2530693.3,6166972.2,0,57206.098,,5464.6828,0,1330267.3,0,0,,0,,0,,652917300,13419221,22376524,416166.54,10530516,0,0,539994.66,17319813,0,,26004709,0,0,77570145,0,0,,0,52713.569,,0,136005340,1770756.1,0,13845901,,0,0,,,63636723,0,,,0,0,380079,2136648.7,420180.35,0,53779209,89707474,1964303.1,0,2993994.5,0,0,62009331,17157825,273648.41,436585.46,0,4910168.792,,108704.48,8184946.1
"1982-01-01 00:00:00",3714806.1,53186989,6545614.7,27511244,,21322666,1480509.3,,2697174.5,0,682457343.5,,0,0,1459556.5,0,14458947,9351779,1662604,0,162421.49,79633301,2670201.1,7999472.6,110679670,4735751.6,,628825.19,1829186.7,0,0,11705543,37436577,0,,,5968545.9,0,0,2644387.2,0,0,0,,517062500,113541440,,2750753.4,6271496.8,0,549091.99,,16394.049,0,1596320.7,0,0,,0,,0,,656846500,13472432,18597137,288552.94,10637877,0,0,646158.28,17589964,0,,27016045,0,0,70100021,0,0,,0,52713.569,,0,160539610,2434435.1,0,16048658,,0,0,,,46403618,0,,,0,0,488838.73,2023267.5,528940.08,0,54422157,73746155,54481.123,0,3206782.1,0,0,62741207,20611410,328378.11,1183127.8,0,4637348.792,,108704.48,8455970.8
"1983-01-01 00:00:00",4353288.2,51763832,9496506.7,27370430,,23415724,1425079.9,,2628240.1,10649.503,621839490.1,,0,225988.94,1356927.9,0,18874413,9783724.8,1662604,0,162421.49,83849922,2457358.1,8549135.2,114738820,4629330.2,,746569.93,2351811.4,0,0,13138328,40771488,0,,,6242332.5,0,0,2698417.4,0,0,0,,518992070,126978970,,2420663.1,6271496.8,0,879983.37,,21858.731,0,3086220.3,0,0,,0,,0,,660667480,13408404,16561275,255245.63,9221938.1,0,0,699451.8,20345495,0,,33659981,0,0,67176933,0,0,,0,52713.569,,0,157608510,3364766.1,0,19143007,,0,0,,,60118820,0,,,0,0,1249254.5,2590173.2,528940.08,0,54047104,74480797,54481.123,0,3149253.6,0,0,59948338,25358118,382850.02,1384104,0,4473656.792,,108704.48,8510175.7
"1984-01-01 00:00:00",3201157.8,56686825,11190311,26973213,,27472456,1317498.8,,2581253.3,21357.371,609167865.3,,0,396758.02,1309301.5,0,26502844,9286380.8,1778303,0,217155.32,89469582,2449053,9462079,124604760,6456133.4,,925328.67,2410660.3,0,0,14334781,46076584,0,,,7412488.5,0,0,2705810.3,0,0,0,,532750180,138487560,,2261797.7,6288679.1,0,1491424.3,,10959.304,0,2454397.9,0,0,,0,,0,,656835570,13285070,21991158,256018.76,9946838.4,0,0,914504.11,22556580,0,,38484974,0,0,75340080,0,0,,0,52968.763,,0,162821620,3828751.8,0,23546822,,0,0,,,65830879,0,,,0,0,1470534,2597408.1,452005.06,0,65155182,77628876,54731.928,0,3198176.1,0,0,59434082,27532597,274398.15,1497323,0,4376588.112,,108965.37,8533491.1
"1985-01-01 00:00:00",3192411.4,57890839,12393746,26082445,,32093964,1258791.9,,2509979.7,37809.052,546250529.7,,0,452198.83,1254299.4,0,31350948,8882917.4,1662604,0,324842.99,91026833,2335737.7,9879881.9,135575840,6385283,,1080462.5,3031223.5,0,0,15563042,49585316,0,,,10130101,0,0,3387762.8,0,0,0,,535514400,141152310,,2255617.9,5957922,0,2698076.7,,5464.6828,58264.788,2341270.4,0,0,,0,,0,,640482730,12344191,17054829,255245.63,10241861,0,0,1869479.4,27075682,0,,42034679,0,0,80926285,0,0,,0,52713.569,,0,160906830,4748888.5,0,23482578,,0,0,,,57845390,0,,,0,0,1520831.6,2590173.2,613613.19,0,77178886,71660812,54481.123,0,3138215.8,0,0,57342579,32784229,164189.06,1438668,0,4473656.792,,54223.355,9323249.8
"1986-01-01 00:00:00",3192411.4,60433353,15130028,25034637,,29072187,1258791.9,,2697174.5,38016.2,660609876.5,,0,452198.83,1113852.6,0,31903769,9584829.3,1330304.1,0,324842.99,90857536,2031672.7,17062910,141799870,6332072.3,,1139482.1,3971948.1,0,0,16224327,45414333,0,,,9692042.4,0,0,3807086.9,0,0,525846.84,,517682500,141922470,,2530693.3,5801134.6,0,2675991.5,,0,116271.81,2302200.3,0,0,,0,,0,,660701900,12397401,17147984,255245.63,9597699.2,0,0,2241761,30425543,0,,46153263,0,0,79410606,0,0,,0,26329.167,,0,146454510,5712628.4,0,26798553,,0,0,,,80240891,0,,,54987.453,0,1086308.2,2816935.5,718167.6,0,90948677,74572304,54481.123,0,3138215.8,0,0,56173645,33438686,273648.41,1438668,0,4419092.792,,16394.049,8998020.2
"1987-01-01 00:00:00",3134367.7,60849880,19314930,24879442,,30656136,1187474.8,,2628240.1,37919.525,682884303.1,,0,395738.42,1127229,0,31772768,7961360,941985.79,0,324842.99,95549187,1978462,21528725,145588410,6544915.2,,1139482.1,5069459.9,0,0,9666578.3,49985020,0,,,9527770,0,0,3996482.1,0,0,1057585.6,,501649600,135230640,,2805768.5,5658579.8,0,2479738,,0,116271.81,2049274.4,0,0,,0,,0,,668710210,12078136,16420019,201758.74,8846176.1,0,0,2241761,31698458,0,,53648418,0,0,72590065,0,0,,0,21184.852,,0,152240020,5372484.7,0,26512642,,0,0,,,90060799,0,,,27493.738,0,977677.46,3829627,671697.56,0,111790880,72088707,16438.238,0,2901999,0,0,52877438,32415817,218918.74,1384104,0,4091708.792,,0,8401765.8
"1988-01-01 00:00:00",2560926.2,59683327,24317408,26074120,,30355902,1317498.8,,2689794.1,43296.281,761397553.1,,0,283490.9,1168266.8,0,31205137,7874889.9,750531.79,0,238789.62,100669640,1652158.4,21138008,148158100,7683332.4,,965429.13,5188160.4,0,0,16766136,47953957,0,,,8949893,0,0,4115676.9,0,0,9147625.9,,492827360,126155820,,2758289.8,5596254.3,0,2741636.8,,0,175051.7,1881655.8,0,0,,0,,0,,671471310,10852107,19501348,202293.05,7632265.6,0,0,2407867,33681591,0,,61073261,0,0,78705414,0,0,,0,21187.501,,0,151729200,4818542,0,28846560,,0,0,,,85417732,0,,,27490.586,0,653459.91,5155444.6,669437.29,0,145056320,72233223,21859.54,0,3180978.3,0,0,63844299,33964581,164694.26,1223561.9,0,4311029.463,,0,8642198.6
"1989-01-01 00:00:00",2728060.7,62639755,24411924,26328430,,27729124,1313899,,2642978.9,34117.445,835507224.9,,0,226173.06,1216389.1,0,33287617,7541925.4,871329.72,0,270610.42,98461876,1552684.3,22587452,149214600,8726553.9,,962791.32,6114709.4,0,0,15452864,49204517,0,,,9308741.6,0,0,3996371.5,0,0,10231791,,460948180,102054120,,3080843.9,5685488.7,0,2766578.7,,0,232764.56,1477673.9,0,0,,0,,0,,650385190,10130717,21046946,173037.86,6995427.6,0,0,2560837.3,35054974,0,,80089386,0,0,92889297,0,0,,0,15847.212,,0,152223830,4148436.5,0,31127842,,0,0,,,101239270,0,,,10966.19,0,108612.42,4679992.7,613302.05,0,157379670,77146118,16349.86,0,2676682,0,0,62540977,37342308,218992.38,1001999.7,0,4140966.452,,0,11274628
"1990-01-01 00:00:00",1741315.4,66657898,25484976,27597376,,32014977,1258478.9,,2470458.3,50113.793,862831820.3,,0,226173.06,1267703.3,0,35113625,8513802.5,760489.46,0,216488.35,98673706,1522672.8,24639019,150134670,8779764.2,,903937.34,6323759.6,0,0,15783506,49413273,0,,,8815925.6,0,0,3739883.2,0,0,10171942,,447572780,101693000,,4016099.9,5058339.1,0,3079269.6,,0,226945.46,1291675.8,0,0,,0,,0,,610328000,9013523.1,22987959,115358.58,6967249.9,0,0,3305400.4,37432297,0,,87774887,0,0,97977638,0,0,0,0,15847.212,,0,155515980,4528598.3,0,32951622,,0,0,,,66555023,0,,,16449.286,0,108612.42,4963445.7,613302.05,0,110501850,80133644,10899.907,0,2906795.3,0,0,74503029,35232658,218992.38,892890.16,0,3917303.146,,0,14635334
"1991-01-01 00:00:00",1102833,66380341,26826290,27813221,,30395458,1480159.4,,2253969.9,44781.677,834675886.9,,0,226173.06,1267703.3,0,35137470,9107728,871329.72,0,64946.502,98589470,1324835.8,23414114,153436110,8300868,,903937.34,7473534.1,0,0,16555006,49695179,0,,,8377866.7,0,0,3591454.7,0,0,10382759,,454172730,101828340,,4841326.2,5633226.4,0,3195578.3,,0,203669,1610940,0,0,,0,,0,,556925960,7789677.1,22751852,160736.8,6215726.9,0,0,3377847.9,38158401,0,,100163630,0,0,102416400,0,0,0,0,15847.212,,0,163509090,4595286.4,0,34367683,,0,0,,,10356661,0,,,16449.286,0,108612.42,4566611.8,830526.89,0,16341574,86965790,10899.907,0,2480870.2,0,0,80445038,32859306,240891.62,910160.6,0,3873388.5,,0,15936253
"1992-01-01 00:00:00",640231.55,68203148,28298576,31651365,0,29765806,1313564.4,11906341,2285023.5,55597.823,906863125.5,2171183.8,0,317509.8,1351238.8,0,35133209,9432436.9,798076.27,0,59697.393,102982150,1221752.5,24247557,154399200,9284027.1,2176002.7,1024444.3,8542122.8,0,0,17855135,48800331,0,,0,7687025.1,0,0,3668553.1,0,0,9618474,3103353,443534360,104394760,4827560.9,4633926.9,5910688.4,0,3536048.2,67369.476,0,291752.85,1547120,81540.339,14079.458,0,0,,0,1236328.6,423073090,7554954.1,24482323,171922.33,6286583.9,0,0,3374132.4,40345490,0,,114018730,0,0,105465260,0,0,0,0,10593.763,,0,163246540,3534497.3,0,34870682,0,0,0,0,117818.12,59143326,0,,24100142,0,0,81682.488,4745729,941712.26,0,22833433,82503700,10929.77,0,2429981.2,0,0,77999924,30857849,263510.85,741064.19,0,3446366.8,157410.83,60276.21,16197327
"1993-01-01 00:00:00",638482.27,66460754,27309164,34002754,0,28001749,1250631.7,11131898,2692599.1,60778.026,946496898.1,2165251.7,0,327950.95,1398861.3,0,35962143,9448147.8,791892.95,0,54122.087,108344250,1203408.6,25435429,156412830,9631135,2210094.2,1257061.2,9093670.8,0,0,19112803,49339569,0,,0,6954177.4,0,0,3496439.7,0,0,11594960,3995957.4,426340420,109289560,4565992.8,4181145.2,5280065.5,0,3624578,40119.756,0,290955.69,1213969.7,470785.74,14040.994,0,0,74332.036,0,1232950.7,372708680,7247112.3,23883600,262536.76,6806209.1,0,0,3287581.2,42138165,0,,121868130,0,0,106097340,0,0,0,0,10564.808,,0,163188450,3474824,0,34255993,86610.071,0,0,0,106669.95,102994560,0,,22085567,0,0,27153.116,4732762.3,818978.85,0,28032829,82760300,10899.907,0,2400115.3,0,0,73999001,29434221,383236.68,626201.45,0,3327841,108262.58,87434.925,16966146
"1994-01-01 00:00:00",638482.27,65613251,28779097,37414913,0,29752604,1191288,10260903,2732065.2,82106.493,971179540.2,2151756,0,333605.26,1465383.8,0,37899914,9579654.7,773617.63,0,59534.308,112784500,1118854.6,25099096,159080380,9572822.6,2370913.7,1492477.1,9667412.8,0,0,20226686,49656071,0,0,0,5910788.1,0,0,3558759.2,0,0,17667513,5587894.9,416002960,135870240,4556418.9,3961085.1,4950024.6,0,4112439.2,29293.5,0,349146.84,1064692.6,470785.74,4680.3313,0,0,74332.036,0,1366631,339741060,7492756.4,23808956,267894.66,6909157.8,0,0,3031972.9,44030682,0,,137875690,0,0,104523380,0,0,0,0,10564.808,,0,166068630,5435217.4,0,34517509,156980.75,0,0,0,85892.431,113666530,0,,22459295,0,0,369282.22,4912891.9,751944.66,0,30404749,82793793,5449.9535,0,2649457.2,0,0,74880951,33007771,453959.23,592555.4,0,3195414.8,97896.077,76505.564,17808922
"1995-01-01 00:00:00",580438.44,66194550,34672062,40901257,0,30902431,1296814,9743525.5,2613667,66110.142,985952911,2088429.7,0,169629.8,1686171.3,0,39401318,9320930.5,544041.57,0,54122.087,117828620,1059530.9,32584583,161827710,9996904.4,2039708.6,1596479.3,9724829.7,0,0,21720467,51020584,0,0,0,6078060.6,0,0,3199687.7,0,0,18180840,7943429.9,411831670,143997570,4432230,3712386.8,4698821.1,0,4466195.6,34706.63,0,409011.99,848230.24,470785.74,9360.6627,0,0,80049.872,0,1259417.9,331406010,7438578.6,25409300,246463.09,7000634.7,0,0,3232678.4,46416824,0,,148578570,0,0,107870320,0,0,0,0,15847.212,,0,161774460,4580412.4,0,36606411,173220.14,0,0,0,106669.95,115811330,0,,22412283,0,0,435714.33,5311744.7,764672.64,0,31004894,82246162,5449.9535,0,2457643.5,0,0,75500725,39091232,521681.85,513363.48,0,3218731.4,54131.292,218587.32,19768913
"1996-01-01 00:00:00",552927.26,69961502,38132286,43374657,0,31791288,1233989,9782028.2,2295205.4,82331.449,996695506.4,1962815.5,0,113396.36,1807517.8,0,44745739,8870879.2,452603.25,0,37989.262,120400730,950594.54,34939953,169938900,10720716,1853482.1,1850657.3,10896368,0,0,22037380,51342686,0,0,0,5930891,0,0,2824285,0,0,17991682,8147844.3,409927860,148299440,4466712.5,3705905.4,4598700.5,0,4949676,29373.756,0,437469.84,551933.41,472075.58,93504.056,0,0,91736.22,0,1262868.4,324616090,7501597.4,28972494,268628.63,6493068.7,0,0,3054159.6,48283123,0,,166040770,0,0,108591670,0,0,0,0,15890.619,,0,174506820,4200085.2,0,37365879,163268.88,0,0,0,106962.2,115975930,0,,24785606,0,0,871279.84,5786340.7,790767.55,0,31885427,84995308,10929.77,0,2269586.8,0,0,76647240,37826969,704375.51,475020.32,0,3245485.5,65135.516,328779.28,20021671
"1997-01-01 00:00:00",532015.56,71853760,38297653,47682964,0,32977539,1080447.7,9627628.3,2599010.9,92770.725,1035635764.9,1967264.7,0,73506.244,1795391.3,0,46941181,9263364.8,506786.76,0,32473.251,126128650,659429.55,36279736,173209210,13955250,1846859.3,1873594.5,12045569,0,0,21517551,47738293,0,0,0,6789905.5,0,0,2326668,0,0,19090387,7814552.8,407405980,144140230,4460860.3,3736502.9,4426913.3,0,6179555.9,30886.138,0,290955.69,404401.27,470785.74,233042.05,0,0,85767.731,0,1152204.9,327911800,7402377.1,31685759,321473.6,6398828,0,0,3152181.1,49097664,0,,168107670,0,0,115436990,0,0,0,0,0,,0,181948670,3950443.7,0,38732193,207552.73,0,0,0,95843.688,113618150,0,,28201218,0,0,1019171.2,6353491.3,712735.06,0,62687305,83487534,16349.86,0,2642164.9,0,0,79274498,39180054,875969.53,525154.89,0,3055067.1,144819.75,273234.16,20073648
"1998-01-01 00:00:00",365676.22,70901985,39439056,48471283,0,30687649,1171652.9,12721636,2451300.6,87438.613,1104811527.6,1971268.9,0,56543.265,2122977.7,0,54069962,9405075.1,617627.02,0,43297.671,129813310,629890.8,40745163,173092070,14581387,1950068.8,1924450.3,12456940,0,0,20826559,46548824,0,0,0,6625633.2,0,0,2081654.8,0,0,20452902,7998154.2,394862400,149683430,4222056.9,3589997.1,4233757,0,6768886.6,25473.008,0,407337.99,585317.61,1408196.1,468033.16,0,0,68614.177,0,1044991.7,325283290,7289760.6,39960007,396484.11,6241316.8,0,0,3057251.9,48871178,0,,160891830,0,0,116569440,0,0,0,0,5282.4039,,5532.8072,185973790,4032601.8,0,41420727,296357.72,0,0,0,90430.558,118105300,0,,28476175,0,0,1086124.2,6086774.8,703861.47,0,115797330,83485405,10899.907,0,2141776.3,0,0,76311119,38695461,1301204.7,376602.92,0,3218731.4,118629.1,273234.16,19067516
"1999-01-01 00:00:00",323614.3,70027382,39966763,45948460,0,30519608,1036798.4,15206485,2436644.8,82106.493,1068448979.8,1980612.2,0,56543.265,1903101.6,0,62868031,10735230,534496.78,0,43297.671,125913960,590932.73,45403027,172919770,14881013,1604407.3,2316432.7,15688192,0,0,20691282,47791214,0,0,0,5475729.9,0,0,1929916.4,0,0,21564026,7237350,377788330,153232640,4091515.5,3251315.4,4394267.1,0,7321477.9,25473.008,0,581911.39,323491.87,1717106.3,3234557.9,0,0,51460.646,0,1044991.7,337888580,6960219.4,39233505,482210.4,5735546.6,0,0,2996253.3,49425541,0,,161021300,0,0,115292240,0,0,0,0,10564.808,,11065.614,177448440,2899412.2,0,39797939,251777.26,0,0,0,85477.173,107878120,0,,32679283,0,0,814593.14,4681780.8,645091.77,0,134969770,81040176,10899.907,0,2014239.5,0,0,72524773,38233364,1259206.2,40904.261,0,3000512.4,119088.84,327880.98,17943321
"2000-01-01 00:00:00",329195.41,72565308,40156239,43801094,0,39926823,1095210.9,15430518,2472659.1,141145.42,1140416090.1,2008345.1,0,39121.751,1846058.6,0,70644623,11364347,677138.81,0,46184.093,131725750,517444.37,38508057,176311520,15426908,1544571.3,2459724.2,19019817,0,0,21951586,43603630,0,0,0,4657371,0,0,1854516,0,0,23134863,7256408.2,377547270,131516970,3971826.6,2905913.4,4204635.1,0,8803220.7,20635.67,0,583505.69,253516.14,1688199.9,8729267.1,1074.4539,0,57335.135,0,940347.91,360587620,6766193.9,44208431,698874.77,5311461,0,0,3047485.1,52721867,0,,172114240,0,0,117515330,0,0,0,0,15890.619,,9930.8556,183770490,2671330.2,0,38934864,324809.13,0,0,0,108559.2,118054880,0,,39240917,2199.3518,0,626083.61,5135787,700733.01,0,138713870,79058983,4371.9178,0,2147319.3,0,0,77578354,38003941,1135292.5,293418.2,0,3491107,108559.2,383575.83,17121336
"2001-01-01 00:00:00",345476.96,76382889,39830795,45957680,0,36660198,1113082.3,16531796,2409018.5,187726.23,1101644038.5,2002857.9,0,39580.286,2061726.1,0,72069771,11453432,561046.06,0,32635.633,134520490,546474.81,34703880,178603100,14033487,1455635.9,2942698.7,18093412,0,0,22823418,40996124,0,0,0,4196959.5,0,0,1790830.1,0,0,23235882,7237298.5,374008480,132607450,3999179.4,2640723.2,3757042.4,0,9017907.1,17646.797,0,581911.39,377723.04,1669593.5,9788047.8,751.61335,0,57178.479,0,884172.08,383482180,6904883.4,44035400,789298.42,5165728.1,0,0,3374648.1,49498104,0,,174457900,0,0,122128650,0,0,0,0,21129.616,,11176.263,189443890,2285817.9,0,37414974,517224.49,0,0,0,108262.58,113491280,0,,44873688,2194.3073,0,597368.3,4447941.3,702498.26,0,128854200,73859398,4359.9629,0,2110649.3,0,0,75134918,38115555,1154089.8,302152.9,0,3538585.9,108262.58,382527.8,14635334
"2002-01-01 00:00:00",369216.89,81613922,48092556,45532040,0,35303589,1150469.4,16932178,2404390.1,331112.3,1034924777.1,1976162.9,0,45234.613,2125517.4,0,80933952,9879430.8,839307.55,0,40050.346,141680180,522017.6,32050514,183455050,13701194,1395663.5,2783551,19376921,0,0,21728615,40620705,0,0,0,3823109.9,0,0,1736616.4,0,0,23155867,7070445.5,371251040,131171630,4037384.5,2567771.9,4080167.8,0,9997397.4,16726.574,0,581911.39,341080.55,1334934.6,11175093,751.61335,0,57178.479,0,830565.51,410411770,6865956.3,43295147,713700.77,5155028.3,0,0,3609835.1,48660847,0,,170107220,0,0,114642660,0,0,0,0,13734.246,,21080.004,191270800,3379519,0,39676735,478520.63,0,0,0,82279.563,108069930,0,,51794788,1097.1536,0,651674.51,4839199.5,693989.22,0,109190730,68991783,5449.9535,0,1670675,0,0,72701698,39929859,985165.72,206038.62,0,3756788.7,80114.312,382527.8,13616282
"2003-01-01 00:00:00",389880.51,90156296,48424026,45209759,0,29413168,1110563.4,17466337,2431383.6,331112.3,1114205195.6,1970379.1,0,22617.307,1915632.2,0,83551468,10254359,838106.69,0,32473.251,149843830,524462.7,30097807,184495220,13495001,1390578.9,3246804.2,19600863,0,0,22739456,40535141,0,0,0,3668739.1,0,0,1514817.5,0,0,22631014,7357359.9,360817200,121792150,4253909.6,2485023.3,4022846.2,0,12537147,19054.204,0,581911.39,351030.95,1826131,12624714,537.22697,0,71759,0,803762.26,455101440,6514863.5,49913044,784160.73,4901485.9,0,0,3389249.3,44516281,0,,166274950,0,0,123148710,0,0,0,0,10564.808,,27719.373,202363140,3381838.3,0,41945965,419950.57,0,0,0,74701.183,121203940,0,,56799679,1097.1536,0,1031817.9,5433751.6,709709.11,0,70596428,63952984,3269.972,0,1700661.7,0,0,78124496,39977036,1204158.1,172443.08,0,3944241,151567.62,382527.8,13085964
"2004-01-01 00:00:00",389551.82,93539673,56697086,42804253,0,25718872,1122729.2,17057329,2443320.5,328280.81,1228502799.5,1972158.8,0,0,2824881.1,0,83014587,10727986,1117460,0,54270.368,152824340,489801.7,29520283,189149280,12876517,1289166.2,3418751.5,20393520,0,0,29267992,38396561,0,0,0,3623283.1,0,0,1466401.2,0,0,21371044,6695222.4,353506070,105986600,4635921,2340175.2,4259384.2,0,12363278,13569.9,0,583505.69,319993.08,3138552.2,16074696,322.84061,0,49193.546,0,779087.6,495396880,6394377.7,56816799,895281.97,4906875.6,0,0,3508178.9,40918083,0,,162672030,0,0,126415120,0,0,0,0,10593.763,,32677.524,204505450,3162184.7,0,41331970,331539.81,0,0,0,75991.437,134879270,0,,66767616,1099.6759,0,1415829.8,5921445.8,766108.51,0,108669740,60790840,4098.6636,0,1859069.8,0,0,83507385,41222328,1087612.2,166360.74,0,3714497.6,108559.2,383575.83,12993296
"2005-01-01 00:00:00",406306.92,98936996,66879326,41283146,0,26951553,1010441.2,23655769,2288934.5,327383.85,1276251377.5,1894595.3,0,0,2902871.6,0,91981163,11046024,1115887.9,0,54122.087,150352340,457782.72,29275047,195380680,12468872,1200350.6,3076238.4,19710562,0,0,29393667,37001873,0,0,0,4507350.9,0,0,1273942.9,0,0,21089417,5809192.7,335647340,94539848,4747443.2,2402576,3998857.3,0,14707897,15119.686,0,581911.39,164588.69,2048430.2,16381161,267.35238,0,40024.947,0,732017.58,506978610,5901108.3,61235783,852125.23,5573766.7,0,0,3610932.4,42172958,0,,150414200,0,0,142226640,0,0,0,0,7395.3709,,30430.453,200619770,2519831.2,0,40251225,237419.84,0,0,0,108262.58,142876820,0,,71455742,1097.1536,0,2117942.1,6497204.3,835391.94,0,101203300,57136215,5449.9535,0,1627560,0,0,91337112,39924847,939117.31,145579.03,0,3651134,108262.58,327880.98,14435693
"2006-01-01 00:00:00",449402.48,99516197,75857834,41166733,0,25982182,1046185,34847305,2328400.6,327383.85,1263082170.6,1894595.3,0,0,2817809.8,0,97109566,11657842,1282668.6,0,54122.087,160181580,365885.73,29563112,198850620,13098532,1098130.9,3039454.5,17874018,0,0,29597416,35854797,0,0,0,4731180.7,0,0,1201939.9,0,0,19759243,5024163.7,330977570,85491676,4925763.6,2319375,4074029.4,0,16689039,16239.388,0,674971.82,159340.52,1349290.8,17696783,267.35238,0,35450.649,0,816995.86,518579040,5430376.5,62720810,802950.02,5779639.7,0,0,3613039.7,40192665,0,,140313130,0,0,132072940,0,0,0,0,10564.808,0,57098.579,196346210,2092559.3,0,38150517,198824.26,0,0,0,108262.58,143212830,0,,73766808,1097.1536,0,3366984.8,6255376.3,843684.08,0,107642760,53834976,5449.9535,0,1550316.3,0,0,97446083,41325527,1102881.7,100291.1,0,3685361.4,54131.292,327880.98,12858481
"2007-01-01 00:00:00",372593.76,99525604,93406952,40403347,0,26227697,1072110.3,45764416,2328400.6,327383.85,1241021699.6,1894595.3,0,0,2851534.4,0,98416626,8912353.5,1180786.6,0,54122.087,167181780,284318.77,29526522,202310360,11304022,1009301.1,2974421,16282673,0,0,28232141,35709339,0,0,0,4535404.7,0,0,1112087.2,0,0,16796467,5314164.6,331669100,85404953,4833427.4,2255768.5,4472364.9,0,17535316,15065.106,0,787662.21,146220.07,1093042.1,21706095,267.35238,0,27445.665,0,816995.86,529398070,5347922.8,66317039,731902.9,5701730.7,0,0,3892277.5,38636227,0,,128880400,0,0,127189260,0,0,0,0,11621.279,0,128859.09,184836780,2838343.1,0,38189178,167103.29,0,0,0,54131.292,139692280,0,,76694702,1097.1536,0,2823922.9,6119008.5,874970.67,0,112319530,51057522,5449.9535,0,1328887.8,0,0,100751270,41277462,865994.45,68006.627,0,3617952.8,54131.292,327880.98,13237963
"2008-01-01 00:00:00",349217.21,99155121,105329630,40600243,0,26534647,1051080.5,47366394,2334779.7,310458.39,1320920102.7,1899786,0,0,2349704,0,102259120,8225402.8,1194652.1,0,54270.368,163211360,318220.76,32780289,205806670,12727582,935362.99,3083308.9,15014897,0,0,27950970,37370323,0,0,0,4465345.4,0,0,1096951,0,0,15766335,5131728.2,328708680,80226677,4505342.5,2294053.1,4465561.9,0,18562866,12768.902,0,924395.74,142283.93,979700.21,22423918,269.87458,0,24080.759,0,819234.19,527030940,5419756.4,71474113,761114.42,5973854.5,0,0,3555456.6,41259441,0,,124226330,0,0,117539210,0,0,0,0,9534.3664,0,177978.74,168127720,2305426.4,0,38337860,162838.8,0,0,0,54279.599,146856670,0,0,76093666,1099.6759,0,3221831.1,5653369.4,908748.33,0,128151310,52837036,5464.8849,0,1367313.6,0,0,101731440,41358459,852297.37,54704.234,0,3282254,54279.599,328779.28,13487081
"2009-01-01 00:00:00",309302.12,96248665,101077650,39830227,0,26850626,1057946.7,54606964,2328400.6,274062.69,1238379057.6,1786332.7,0,0,2097854.4,0,109192630,7773614.4,1010274.9,0,54122.087,161405720,348841.28,37245209,205557010,14533354,1035418.6,2838821.4,13587234,0,0,26814587,37893776,0,0,0,4211061.5,0,0,1021050.3,0,0,15028998,3381296.9,350529850,75845062,4233374.6,2541997.7,4214610.1,0,19202240,11800.329,0,931058.23,124352.66,422306.95,22627159,267.35238,0,11435.696,0,870602.43,534577030,5209688.7,76981377,664672.37,6968841.6,0,0,3479368.2,44121262,0,,118008770,0,0,119538750,0,0,0,0,8451.8418,0,283445.72,157241640,1801084.2,0,36251923,108262.58,0,0,0,54131.292,133746810,0,0,81825600,1097.1536,0,3139836.1,4692891.1,839645.15,0,128599720,51837730,5449.9535,0,1349653,0,0,95779549,40585564,739646.79,63702.032,0,3000512.4,54131.292,327880.98,13124576
"2010-01-01 00:00:00",629407.7,94655373,102779350,38408962,0,27370232,1088042,56160629,2249392.5,274078.79,1283870747.5,1623937.4,0,0,2181705,0,115027360,7990236.8,1134635.3,0,54120.902,168464950,558747.53,43616337,220878590,18334917,981952.37,3119476.6,12823279,0,0,26833792,37439346,0,0,0,3559221.7,0,0,1017500.3,0,0,14757636,4279773.2,362628660,70222321,3776154,2659243.1,4074335.6,0,19706200,11638.228,0,930996.78,136880.49,395911.07,22755899,267.35238,0,11436.226,0,1085020.5,546672790,4945109.4,87191475,691643.06,7492283.8,0,0,3617475.7,46920040,0,,107477250,0,0,132352110,0,0,0,0,10564.254,0,330640.55,156086900,1506335.9,0,36073025,108262.49,0,0,0,54131.243,131179920,0,0,85617294,1097.1536,0,2380543.5,5442560.2,801429.27,0,129043090,52101765,5449.8273,0,1198736.4,0,0,96517998,44520279,654433.79,127354.55,0,2673143.4,54131.243,392858.3,13327860
"2011-01-01 00:00:00",900539.64,93813576,94575630,36122845,0,23545311,1135641.5,53365524,2288858.7,274078.79,1363719227.7,1623937.4,0,0,2245813.6,0,117974320,8975625,1116414.9,0,54120.902,176802170,562777.28,50784306,219417660,15642923,889787.61,3237192.6,11557825,0,0,27572512,37749928,0,0,0,3376347.5,0,0,1003733.6,0,0,11405107,4794918.5,376821660,57816849,3564699.6,2516205.1,3480697.9,0,20400063,11638.228,0,930996.78,115306.14,422306.95,21214083,267.35238,0,11436.226,0,968907,552377690,4846279.6,93527039,669038.41,7264305.1,0,0,3671220.5,48057178,0,,102291130,366436.72,0,135909810,0,0,0,0,10564.254,0,386372.3,154986770,1625167.5,0,32621681,108262.49,0,0,0,54131.243,143771360,0,0,87195740,986.17724,0,2150062.8,5622415.1,768877.15,0,141161790,49543114,21254.288,0,1069900.2,0,0,27286034,46092323,599255.98,95515.907,0,2782251.4,54131.243,4181156.2,13082673
"2012-01-01 00:00:00",979891.42,94610725,96525810,34121658,0,23246510,1100575.3,50183628,2660312.9,257006.2,1384295930.9,1628386.5,0,0,2598388.2,0,115897960,8423148.2,1119473.6,0,54269.18,190728640,547584.59,52589443,221213780,14292817,796663.11,3073518.8,10599000,0,0,27866611,38100513,0,0,0,3459158.4,0,0,920948.68,0,0,8917360.3,4920984.7,429964840,49742569,3589558.6,2469028.2,3436002.7,0,22141684,11602.035,0,923823.06,160204.11,418898.17,4319414.1,269.87458,0,11467.577,0,886440.81,563333250,4675141.8,92942078,719972.25,7267172.8,0,0,3947933.4,49970566,0,,95884857,1094823.2,0,135378860,0,0,0,0,7415.2458,0,551163.08,154444700,1511860.1,0,33074650,108559.09,0,0,0,54279.547,149900130,0,0,85576286,1210.6524,0,2064804.3,5739522.9,741245.93,0,160763460,47721699,21312.525,0,1068484.5,0,0,81033363,45996719,579998.91,91330.551,0,2789873.8,54279.547,4293593.9,12501412
"2013-01-01 00:00:00",987206.46,88784630,97175919,33441742,0,19466246,934828.94,47272633,2992417.6,220754.41,1363540507.6,1623937.4,0,0,2933184.6,0,113645160,7140887.7,1116414.9,0,54120.902,201265110,506482.42,55718723,225540940,13093824,803273.92,2942902.3,9167033.2,0,0,29031504,38017746,0,0,0,3436355.6,0,0,904999.08,0,0,6888665.7,4667900.1,487785160,44744236,3306071.8,2544089.3,3301767.8,0,21928007,11151.042,0,872809.47,390379.07,400476.84,6262533.7,267.35238,0,11436.226,0,964354.16,570354550,4756388.2,94182930,1029978.6,7823015.2,0,0,4468998.9,50987793,0,,91523804,1091831.9,0,126900570,0,0,0,0,8451.4124,0,777442.22,152409440,1588786.4,0,31538343,108262.49,0,0,0,54131.243,150311170,0,0,88274719,1205.608,0,2009453.1,5769654.3,731407.4,0,164131010,45485531,21254.288,0,1053772.4,0,0,54662678,45581093,546763.24,68012.103,0,2813040.7,54131.243,5350598.3,11925200
"2014-01-01 00:00:00",1190277.1,86647980,94015511,33017532,0,20452341,990860.46,45979763,3113286,220754.41,1391794433,1623937.4,0,0,3101987.8,0,126255940,6687213.9,1092880.2,0,54120.902,217644150,432775.38,54904053,227946030,12733500,776544.33,2942902.3,8636486.1,0,0,30698252,38042904,0,0,0,4106794.4,0,0,869028.33,0,0,6588744.2,4172702.3,570983030,44257076,2938154,2622617,2750372.9,0,21675251,11151.042,0,872809.47,332507.34,370228.59,5321669.6,267.35238,0,11436.226,0,942675.47,574610170,4717971.3,94045967,1031740,8111805,0,0,5160407.1,51271465,0,,93894577,1091831.9,0,129058260,0,0,0,0,8451.4124,0,1122497.3,147235200,2003734.8,0,33045090,108262.49,0,0,0,54131.243,149878100,0,0,91550117,1205.608,0,1955143.6,6025458.3,696185.65,0,180936460,43412075,21254.288,0,944015.32,0,0,30053982,45233433,550332.37,63378.334,0,2623372.3,54131.243,5738965,11925200
"2015-01-01 00:00:00",1170240.4,90288353,97706367,33180676,0,18481184,953506.11,46070129,3194243.4,220754.41,1468055136.4,1412009.8,0,0,3321445.5,0,136117840,6704125.9,839312.55,0,54120.902,222569790,371337.32,55736229,231704180,12969933,745817.48,2942902.3,8169611,0,0,29967281,38555588,0,0,0,5366211.4,0,0,916896.88,0,0,2508828.9,3904476.9,611542850,49855629,2622899.8,2668738.8,2039758.9,0,22598866,9831.1277,0,989184.08,247521.91,370228.59,5072044.4,267.35238,0,11436.226,0,1129782.8,583908750,4568250.7,92194923,986677.53,6998642.9,0,0,4959031.6,53351234,0,,96830940,764282.29,0,119326290,0,0,0,0,8451.4124,0,1282314.3,137008040,1908009.3,0,35608715,108262.49,0,0,0,54131.243,155591610,0,0,93120384,1205.608,0,1574976.8,5680969.2,668807.69,0,217129360,43054070,21254.288,0,973017.39,0,0,26931616,44700871,549629.03,58744.535,0,2622027.2,43275.323,5593440.1,11563583
"2016-01-01 00:00:00",1324014.3,85509575,96277420,32207096,0,17103886,842598.38,45397320,3094458.3,221359.21,1567961770.3,1773132,0,0,3502450.5,0,141033130,6396268.4,841612.1,0,54269.18,226249240,274345.19,49349762,216218350,10845485,770217.6,2941128.5,7370262.6,0,0,30343758,36746338,0,0,0,5051469.8,0,0,905691.03,0,0,1145102.6,3523333.3,587320860,52845119,2436863.7,2730536.2,2150156.7,0,23206257,9770.3179,0,991894.19,142274.07,233189.96,4921785.4,269.87458,0,11467.577,0,1115205.9,598340880,4242311.5,91319572,1080031.8,6205782.4,0,0,4721377.8,54844707,0,,99392067,711635.05,0,103501680,0,0,0,0,8474.566,0,1299679.2,130391820,1268936.5,0,37313457,108559.09,0,0,0,54279.547,162253140,0,0,90417664,1210.6524,0,2668458.5,4017541.9,532917.62,0,239333300,45377075,21312.525,0,1081446.1,0,0,26231304,43766258,492818.44,173543.01,0,2548491.5,21711.813,5389824.4,11458885