,Benin,Estonia,Ethiopia,Israel,France,Serbia,India,Sweden,Finland,Croatia,El Salvador,Mongolia,United Kingdom,Ivory Coast,Australia,Ghana,Cuba,Mexico,Hungary,Angola,China,Congo,Italy,Tunisia,Zimbabwe,Qatar,Malaysia,Norway,Kuwait,Poland,Bahrain,Suriname,Gabon,Bangladesh,Slovenia,Cameroon,Belarus,Kyrgyzstan,Chile,Germany,Iraq,Bolivia,Uzbekistan,Brunei Darussalam,Pakistan,Togo,Zambia,Lithuania,Austria,Burma,United States of America,Libya,Spain,Brazil,Ecuador,Nigeria,Greece,Peru,Netherlands,Turkey,Morocco,Azerbaijan,Argentina,Algeria,Albania,Russian Federation & USSR,Colombia,Egypt,Slovakia,Sudan,Georgia,Yemen,Denmark,Thailand,South Africa,Niger,Bulgaria,Kazakhstan,Canada,Guatemala,Tajikistan,Romania,Indonesia,Oman,Japan,Jordan,Eritrea,Venezuela,Saudi Arabia,Iran,UAE,,
1900,0,0,0,0,0,0,144000,0,0,0,0,0,0,0,0,0,0,0,2000,0,0,0,2000,0,0,0,0,0,0,347000,0,0,0,0,0,0,0,0,0,50000,0,0,0,0,0,0,0,0,0,0,8482000,0,0,0,0,0,0,38000,0,0,0,0,0,0,0,10342000,0,0,0,0,0,0,0,0,0,0,0,0,122000,0,0,248000,311000,0,114000,0,0,0,0,,,,
1901,0,0,0,0,0,0,191000,0,0,0,0,0,0,0,0,0,0,2000,3000,0,0,0,2000,0,0,0,0,0,0,405000,0,0,0,0,0,0,0,0,0,44000,0,0,0,0,0,0,0,0,0,0,9252000,0,0,0,0,0,0,39000,0,0,0,0,0,0,0,11564000,0,0,0,0,0,0,0,0,0,0,0,0,101000,0,0,298000,554000,0,145000,0,0,0,0,,,,
1902,0,0,0,0,0,0,216000,0,0,0,0,0,0,0,0,0,0,5000,4000,0,0,0,3000,0,0,0,0,0,0,521000,0,0,0,0,0,0,0,0,0,50000,0,0,0,0,0,0,0,0,1000,0,11835000,0,0,0,0,0,0,32000,0,0,0,0,0,0,0,10984000,0,0,0,0,0,0,0,0,0,0,0,0,71000,0,0,324000,336000,0,157000,0,0,0,0,,,,
1903,0,0,0,0,0,0,335000,0,0,0,0,0,0,0,0,0,0,10000,3000,0,0,0,2000,0,0,0,0,0,0,673000,0,0,0,0,0,0,0,0,0,63000,0,0,0,0,0,0,0,0,1000,0,13395000,0,0,0,0,0,0,37000,0,0,0,0,0,0,0,10311000,0,0,0,0,0,0,0,0,0,0,0,0,65000,0,0,412000,796000,0,126000,0,0,0,0,,,,
1904,0,0,0,0,0,0,451000,0,0,0,0,0,0,0,0,0,0,19000,2000,0,0,0,4000,0,0,0,0,0,0,824000,0,0,0,0,0,0,0,0,0,90000,0,0,0,0,0,0,0,0,1000,0,15611000,0,0,0,0,0,0,39000,0,0,0,0,0,0,0,10724000,0,0,0,0,0,0,0,0,0,0,0,0,74000,0,0,531000,898000,0,185000,0,0,0,0,,,,
1905,0,0,0,0,0,0,551000,0,0,0,0,0,0,0,0,0,0,36000,5000,0,0,0,6000,0,0,0,0,0,0,794000,0,0,0,0,0,0,0,0,0,79000,0,0,0,0,0,0,0,0,1000,0,17962000,0,0,0,0,0,0,50000,0,0,0,0,0,0,0,7458000,0,0,0,0,0,0,0,0,0,0,0,0,85000,0,0,682000,1083000,0,176000,0,0,0,0,,,,
1906,0,0,0,0,0,0,536000,0,0,0,0,0,0,0,0,0,0,72000,3000,0,0,0,7000,0,0,0,0,0,0,737000,0,0,0,0,0,0,0,0,0,81000,0,0,0,0,0,0,0,0,1000,0,16866000,0,0,0,0,0,0,71000,0,0,0,0,0,0,0,8072000,0,0,0,0,0,0,0,0,0,0,0,0,76000,0,0,971000,1130000,0,228000,0,0,0,0,,,,
1907,0,0,0,0,0,0,579000,0,0,0,0,0,0,0,0,0,0,154000,2000,0,0,0,8000,0,0,0,0,0,0,1126000,0,0,0,0,0,0,0,0,0,106000,0,0,0,0,0,0,0,0,1000,0,22146000,0,0,0,0,0,0,100000,0,0,0,0,0,0,0,8554000,0,0,0,0,0,0,0,0,0,0,0,0,105000,0,0,1148000,1378000,0,268000,0,0,0,0,,,,
1908,0,0,0,0,0,0,673000,0,0,0,0,0,0,0,0,0,0,560000,2000,0,0,0,7000,0,0,0,0,0,0,1718000,0,0,0,0,0,0,0,0,0,141000,0,0,0,0,0,0,0,0,2000,0,23804000,0,0,0,0,0,0,126000,0,0,0,0,2000,0,0,8627000,0,0,0,0,0,0,0,0,0,0,0,0,70000,0,0,1139000,1420000,0,276000,0,0,0,0,,,,
1909,0,0,0,0,0,0,890000,0,0,0,0,0,0,0,0,0,0,400000,3000,0,0,0,6000,0,0,0,0,0,0,2086000,0,0,0,0,0,0,0,0,0,137000,0,0,0,0,0,0,0,0,2000,0,24423000,0,0,0,0,0,0,188000,0,0,0,0,3000,0,0,9176000,0,0,0,0,0,0,0,0,0,0,0,0,56000,0,0,1356000,1524000,0,268000,0,0,0,0,,,,
1910,0,0,0,0,0,0,818000,0,0,0,0,0,0,0,0,0,0,520000,3000,0,0,0,7000,0,0,0,0,0,0,1766000,0,0,0,0,0,0,0,0,0,140000,0,0,0,0,0,0,0,0,2000,0,27941000,0,0,0,0,0,0,168000,0,0,0,0,3000,0,0,9541000,0,0,0,0,0,0,0,0,0,0,0,0,42000,0,0,1327000,1523000,0,257000,0,0,0,0,,,,
1911,0,0,0,0,0,0,860000,0,0,0,0,0,0,0,0,0,0,1874000,2000,0,0,0,10000,0,0,0,0,0,0,1458000,0,0,0,0,0,0,0,0,0,137000,0,0,0,0,0,0,0,0,1000,0,29393000,0,0,0,0,0,0,195000,0,0,0,0,2000,0,0,9055000,0,3000,0,0,0,0,0,0,0,0,0,0,39000,0,0,1625000,1671000,0,280000,0,0,0,0,,,,
1912,0,0,0,0,0,0,949000,0,0,0,0,0,0,0,0,0,0,2208000,3000,0,0,0,7000,0,0,0,6000,0,0,1144000,0,0,0,0,0,0,0,0,0,135000,0,0,0,0,0,0,0,0,1000,0,29725000,0,0,0,0,0,0,234000,0,0,0,0,7000,0,0,9165000,0,28000,0,0,0,0,0,0,0,0,0,0,32000,0,0,1899000,1519000,0,234000,0,0,0,0,,,,
1913,0,0,0,0,55000,0,1057000,0,0,0,0,0,0,0,0,0,0,3457000,2000,0,0,0,7000,0,0,0,20000,0,0,1114000,0,0,0,0,0,0,0,0,0,121000,0,0,0,0,0,0,0,0,1000,0,33126000,0,0,0,0,0,0,276000,0,0,0,0,19000,0,0,9011000,0,13000,0,0,0,0,0,0,0,0,0,0,30000,0,0,1848000,1526000,0,273000,0,0,0,0,,,,
1914,0,0,0,0,0,0,987000,0,0,0,0,0,0,0,0,0,0,2825000,4000,0,0,0,6000,0,0,0,46000,0,0,877000,0,0,0,0,0,0,0,0,0,110000,0,0,0,0,0,0,0,0,1000,0,35435000,0,0,0,0,0,0,257000,0,0,0,0,40000,0,0,8930000,0,100000,0,0,0,0,0,0,0,0,0,0,29000,0,0,1810000,1569000,0,371000,0,0,0,0,,,,
1915,0,0,0,0,0,0,1094000,0,0,0,0,0,0,0,0,0,0,4388000,7000,0,0,0,6000,0,0,0,56000,0,0,759000,0,0,0,0,0,0,0,0,0,99000,0,0,0,0,0,0,0,0,1000,0,37480000,0,0,0,0,0,0,363000,0,0,0,0,74000,0,0,9271000,0,30000,0,0,0,0,0,0,0,0,0,0,29000,0,0,1588000,1598000,0,412000,0,0,0,0,,,,
1916,0,0,0,0,0,0,1132000,0,0,0,0,0,0,0,0,0,0,5416000,6000,0,0,0,7000,0,0,0,91000,0,0,896000,0,0,0,0,0,0,0,0,0,93000,0,0,0,0,0,0,0,0,0,0,40100000,0,0,0,0,0,0,364000,0,0,0,0,126000,1000,0,9871000,0,58000,0,0,0,0,0,0,0,0,0,0,26000,0,0,899000,1730000,0,417000,0,0,0,0,,,,
1917,0,0,0,0,0,0,1077000,0,0,0,0,0,0,0,0,0,0,8252000,9000,0,0,0,6000,0,0,0,78000,0,0,807000,0,0,0,0,0,0,0,0,0,91000,0,0,0,0,0,0,0,0,0,0,44710000,0,0,0,8000,0,0,347000,0,0,0,0,177000,1000,0,8757000,0,137000,0,0,0,0,0,0,0,0,0,0,29000,0,0,724000,1791000,0,403000,0,0,0,0,,,,
1918,0,0,0,0,52000,0,1067000,0,0,0,0,0,0,0,0,0,0,9506000,0,0,0,0,5000,0,0,0,73000,0,0,773000,0,0,0,0,0,0,0,0,0,38000,0,0,0,0,0,0,0,0,0,0,47457000,0,0,0,8000,0,0,335000,0,0,0,0,196000,1000,0,3690000,0,282000,0,0,0,0,0,0,0,0,0,0,41000,0,0,969000,1764000,0,344000,0,0,0,0,,,,
1919,0,0,0,0,48000,0,1164000,0,0,0,0,0,0,0,0,0,0,12964000,0,0,0,0,5000,0,0,0,86000,0,0,832000,0,0,0,0,0,0,0,0,0,37000,0,0,0,0,0,0,0,0,0,0,52099000,0,0,0,8000,0,0,349000,0,0,0,0,193000,1000,0,4437000,0,224000,0,0,0,0,0,0,0,0,0,0,32000,0,0,856000,2160000,0,315000,0,0,0,0,,,,
1920,0,0,0,0,55000,0,1170000,0,0,0,0,0,0,0,0,0,0,24410000,0,0,0,0,5000,0,0,0,147000,0,0,765000,0,0,0,0,0,0,0,0,0,35000,0,0,0,0,0,0,0,0,0,0,62122000,0,0,0,8000,0,0,373000,0,0,0,0,239000,1000,0,3900000,0,148000,0,0,0,0,0,0,0,0,0,0,26000,0,0,1109000,2365000,0,313000,0,0,0,0,,,,
1921,0,0,0,0,56000,0,1268000,0,0,0,0,0,0,0,0,0,0,28978000,0,0,0,0,4000,0,0,0,203000,0,0,705000,0,0,0,0,0,0,0,0,0,38000,0,0,0,0,0,0,0,0,0,0,64718000,0,0,0,8000,0,0,489000,0,0,0,0,302000,0,0,3800000,10000,183000,0,0,0,0,0,0,0,0,0,0,27000,0,0,1168000,2359000,0,298000,0,0,0,0,,,,
1922,0,0,0,0,70000,0,1238000,0,0,0,0,0,0,0,0,0,0,27312000,0,0,0,0,4000,0,0,0,410000,0,0,713000,0,0,0,0,0,0,0,0,0,42000,0,0,0,0,0,0,0,0,0,0,76415000,0,0,0,8000,0,0,701000,0,0,0,0,439000,1000,0,4700000,46000,173000,0,0,0,0,0,0,0,0,0,0,26000,0,0,1373000,2382000,0,285000,0,0,0,0,,,,
1923,0,0,0,0,70000,0,1220000,0,0,0,0,0,0,0,0,0,0,22704000,0,0,0,0,5000,0,0,0,567000,0,0,737000,0,0,0,0,0,0,0,0,0,51000,0,0,0,0,0,0,0,0,0,0,100371000,0,0,0,12000,0,0,752000,0,0,0,0,497000,1000,0,5300000,61000,153000,0,0,0,0,0,0,0,0,0,0,25000,0,0,1512000,2833000,0,251000,0,0,0,0,,,,
1924,0,0,0,0,74000,0,1222000,0,0,0,0,0,0,0,0,0,0,21367000,0,0,0,0,5000,0,0,0,602000,0,0,771000,0,0,0,0,0,0,0,0,0,59000,0,0,0,0,0,0,0,0,0,0,98024000,0,0,0,14000,0,0,1046000,0,0,0,0,677000,2000,0,6100000,64000,163000,0,0,0,0,0,0,0,0,0,0,23000,0,0,1860000,2926000,0,252000,0,0,0,0,,,,
1925,0,0,0,0,65000,0,1201000,0,0,0,0,0,0,0,0,0,0,17626000,0,0,0,0,8000,0,0,0,613000,0,0,812000,0,0,0,0,0,0,0,0,0,79000,0,0,0,0,0,0,0,0,0,0,104622000,0,0,0,23000,0,0,1220000,0,0,0,0,887000,2000,0,7100000,144000,180000,0,0,0,0,0,0,0,0,0,0,48000,0,0,2317000,3066000,0,266000,0,0,0,0,,,,
1926,0,0,0,0,67000,0,1100000,0,0,0,0,0,0,0,0,0,0,13758000,0,0,2000,0,5000,0,0,0,713000,0,0,796000,0,0,0,0,0,0,0,0,0,95000,0,0,0,0,0,0,0,0,0,0,106474000,0,0,0,30000,0,0,1395000,0,0,0,0,1146000,1000,0,8300000,920000,173000,0,0,0,0,0,0,0,0,0,0,47000,0,0,3244000,3019000,0,248000,0,0,0,0,,,,
1927,0,0,0,0,73000,0,1118000,0,0,0,0,0,0,0,0,0,0,9728000,0,0,3000,0,6000,0,0,0,712000,0,0,723000,0,0,0,0,0,0,0,0,0,97000,45000,0,0,0,0,0,0,0,0,0,123486000,0,0,0,76000,0,0,1386000,0,0,0,0,1257000,1000,0,10300000,2144000,185000,0,0,0,0,0,0,0,0,0,0,61000,0,0,3669000,3694000,0,248000,0,0,0,0,,,,
1928,0,0,0,0,74000,0,172000,0,0,0,0,0,0,0,0,0,0,7184000,0,0,3000,0,6000,0,0,0,751000,0,0,743000,0,0,0,0,0,0,0,0,0,92000,94000,1000,0,0,0,0,0,0,0,1029000,123592000,0,0,0,154000,0,0,1592000,0,0,0,0,1318000,1000,0,11600000,2841000,268000,0,0,0,0,0,0,0,0,0,0,80000,0,0,4282000,4308000,0,261000,0,0,0,0,,,,
1929,0,0,0,0,75000,0,207000,0,0,0,0,0,0,0,0,0,0,6401000,0,0,4000,0,6000,0,0,0,760000,0,0,675000,0,0,0,0,0,0,0,0,0,103000,121000,3000,0,0,0,0,0,0,0,994000,138104000,0,0,0,196000,0,0,1777000,0,0,0,0,1362000,3000,0,13700000,2911000,272000,0,0,0,0,0,0,0,0,0,0,144000,0,0,4837000,5239000,0,278000,0,0,0,0,,,,
1930,0,0,0,0,76000,0,214000,0,0,0,0,0,0,0,0,0,0,5662000,0,0,50000,0,8000,0,0,0,699000,0,0,663000,0,0,0,0,0,0,0,0,0,174000,121000,4000,0,0,0,0,0,0,0,1006000,123117000,0,0,0,221000,0,0,1656000,0,0,0,0,1305000,2000,0,18500000,2782000,285000,0,0,0,0,0,0,0,0,0,0,196000,0,0,5792000,5031000,0,282000,0,0,0,0,,,,
1931,0,0,0,0,74000,0,240000,0,0,0,0,0,0,0,0,0,0,4733000,0,0,61000,0,16000,0,0,0,529000,0,0,631000,0,0,0,0,0,0,0,0,0,229000,120000,2000,0,4000,0,0,0,0,0,957000,116683000,0,0,0,250000,0,0,1340000,0,0,0,0,1652000,1000,0,22400000,2484000,289000,0,0,0,0,0,0,0,0,0,0,198000,0,0,6756000,4598000,0,273000,0,0,0,0,,,,
1932,0,0,0,0,75000,0,239000,0,0,0,0,0,0,0,0,0,0,4699000,0,0,70000,0,27000,0,0,0,341000,0,0,557000,0,0,0,0,0,0,0,0,0,230000,122000,5000,0,179000,0,0,0,0,0,971000,107645000,0,0,0,227000,0,0,1313000,0,0,0,0,1875000,1000,0,21400000,2237000,271000,0,0,0,0,0,0,0,0,0,0,134000,0,0,7348000,5069000,0,226000,0,0,0,0,,,,
1933,0,0,0,0,79000,0,224000,0,0,0,0,0,0,0,0,0,0,4870000,0,0,87000,0,27000,0,0,0,326000,0,0,551000,4000,0,0,0,0,0,0,0,0,239000,115000,14000,0,285000,0,0,0,0,1000,977000,122536000,0,0,0,230000,0,0,1762000,0,0,1000,0,1951000,1000,2000,21500000,1792000,238000,0,0,0,0,0,0,0,0,0,0,147000,0,0,7377000,5535000,0,202000,0,0,0,0,,,,
1934,0,0,0,0,78000,0,264000,0,0,0,0,0,0,0,0,0,0,5468000,0,0,92000,0,20000,0,0,0,282000,0,0,529000,39000,0,0,0,0,0,0,0,0,318000,934000,20000,0,378000,0,0,0,0,4000,999000,122931000,0,0,0,232000,0,0,2162000,0,0,1000,0,1998000,0,2000,24200000,2362000,221000,0,0,0,0,0,0,0,0,0,0,181000,0,0,8466000,6055000,0,254000,0,0,0,0,,,,
1935,0,0,0,0,76000,0,280000,0,0,0,0,0,0,0,0,0,0,5807000,0,0,141000,0,16000,0,0,0,258000,0,0,515000,173000,0,0,0,0,0,0,0,0,427000,3558000,21000,0,449000,0,0,0,0,7000,986000,134675000,0,0,0,245000,0,0,2253000,0,0,0,0,2037000,0,6000,25200000,2402000,182000,0,0,0,0,0,0,0,0,0,0,186000,0,0,8376000,6082000,0,314000,0,0,0,0,,,,
1936,0,0,0,0,70000,0,264000,0,0,0,0,0,0,0,0,0,0,5878000,0,0,166000,0,16000,0,0,0,226000,0,0,511000,635000,0,0,0,0,0,0,0,0,445000,3894000,13000,0,459000,0,0,0,0,8000,1014000,148606000,0,0,0,272000,0,0,2324000,0,0,0,0,2212000,0,41000,27400000,2576000,183000,0,0,0,0,0,0,0,0,0,0,193000,0,0,8703000,6438000,0,352000,0,0,0,0,,,,
1937,0,0,0,0,70000,0,289000,0,0,0,0,0,0,0,0,0,0,6711000,2000,0,194000,0,14000,0,0,0,213000,0,0,501000,1061000,0,0,0,0,0,0,0,0,451000,4113000,16000,0,573000,0,0,0,0,33000,1049000,172865000,0,0,0,285000,0,0,2300000,0,0,3000,0,2340000,0,94000,28500000,2807000,171000,0,0,0,0,0,0,0,0,0,0,309000,0,0,7150000,7262000,0,353000,0,0,0,0,,,,
1938,0,0,0,0,72000,0,333000,0,0,0,0,0,0,0,0,0,0,5510000,43000,0,272000,0,13000,0,0,0,203000,0,0,507000,1133000,0,0,0,0,0,0,0,0,609000,4138000,18000,0,707000,0,0,0,0,57000,1007000,164107000,0,0,0,297000,0,0,2097000,0,0,3000,0,2444000,0,114000,30200000,2984000,226000,0,0,0,0,0,0,0,0,0,0,873000,0,0,6594000,7398000,0,352000,0,0,0,0,,,,
1939,0,0,0,0,70000,0,311000,0,0,0,0,0,4000,0,0,0,0,6138000,144000,0,384000,0,12000,0,0,0,168000,0,0,525000,1038000,0,0,0,0,0,0,0,0,740000,3963000,28000,0,781000,0,0,0,0,144000,1053000,170946000,0,0,0,305000,0,0,1794000,0,0,5000,0,2663000,0,141000,30300000,3300000,666000,0,0,0,0,0,0,0,0,0,0,1017000,0,0,6240000,7949000,0,322000,0,0,0,0,,,,
1940,0,0,0,0,69000,0,369000,0,0,0,0,0,17000,0,0,0,0,6301000,254000,0,585000,0,1000,0,0,0,151000,0,0,524000,967000,0,0,0,0,0,0,0,0,1056000,2507000,38000,0,869000,0,0,0,0,413000,1034000,182873000,0,0,0,310000,0,0,1609000,0,0,5000,0,2948000,0,226000,31100000,3535000,929000,0,0,0,0,0,0,0,0,0,0,1128000,0,0,5810000,7939000,0,298000,0,0,0,0,,,,
1941,0,0,0,0,58000,0,387000,0,0,0,0,0,31000,0,0,0,0,6160000,422000,0,663000,0,12000,0,0,0,108000,0,0,242000,929000,0,0,0,0,0,0,0,0,902000,1567000,31000,0,621000,0,0,0,0,652000,1038000,189496000,0,0,0,205000,0,0,1583000,0,0,6000,0,3150000,0,202000,32201000,3408000,1221000,0,0,0,0,0,0,0,0,0,0,1330000,0,0,5453000,6885000,0,258000,0,0,0,0,,,,
1942,0,0,0,0,65000,0,373000,0,0,0,0,0,83000,0,0,0,0,4982000,666000,0,817000,0,13000,0,0,0,0,0,0,377000,853000,0,0,0,0,0,0,0,0,744000,2595000,40000,0,406000,0,0,0,0,871000,334000,187390000,0,0,4000,301000,0,0,1810000,0,0,5000,0,3392000,0,242000,30781000,1465000,1182000,0,0,0,0,0,0,0,0,0,0,1360000,0,0,5665000,3083000,0,236000,0,0,0,0,,,,
1943,0,0,0,0,68000,0,366000,0,0,0,0,0,115000,0,0,0,0,5031000,839000,0,311000,0,11000,0,0,0,0,0,0,472000,899000,0,0,0,0,0,0,0,0,711000,3572000,44000,0,610000,0,0,0,0,1104000,134000,203408000,0,0,6000,305000,0,0,1948000,0,0,5000,0,3553000,0,151000,27360000,1853000,1285000,0,0,0,0,0,0,0,0,0,0,1295000,0,0,5273000,6203000,0,244000,0,0,0,0,,,,
1944,0,0,0,0,59000,0,372000,0,0,0,0,0,96000,0,0,0,0,5467000,833000,0,201000,0,7000,0,0,0,0,0,0,404000,918000,0,0,0,0,0,0,0,0,722000,4164000,41000,0,813000,0,0,0,0,1213000,100000,226751000,0,0,8000,382000,0,0,1914000,0,0,4000,0,3467000,1000,50000,37234000,3133000,1353000,0,0,0,0,0,0,0,0,0,0,1304000,0,0,3525000,2859000,0,229000,0,0,0,0,,,,
1945,0,0,0,0,29000,0,316000,0,0,0,0,0,73000,0,0,0,0,6231000,655000,0,175000,0,7000,0,0,0,0,0,0,101000,999000,0,0,0,0,0,0,0,0,543000,4607000,50000,0,300000,0,0,0,0,445000,97000,231582000,0,0,10000,345000,0,0,1827000,0,0,3000,0,3274000,0,40000,19400000,3157000,1350000,0,0,0,0,0,0,0,0,0,0,1091000,0,0,4640000,976000,0,221000,0,0,0,0,,,,
1946,0,0,0,0,52000,0,293000,0,0,0,0,0,56000,0,0,0,12000,7046000,685000,0,70000,0,11000,0,0,0,0,0,800000,117000,1095000,0,0,0,0,0,0,0,0,650000,4680000,47000,0,290000,0,0,0,0,845000,2000,234323000,0,0,9000,307000,0,0,1639000,63000,0,3000,0,2976000,0,151000,21746000,3102000,1282000,0,0,0,0,0,0,0,0,0,0,966000,0,0,4193000,302000,0,192000,0,0,0,0,,,,
1947,0,0,0,0,50000,0,249000,0,0,0,0,0,47000,0,0,0,17000,8053000,570000,0,52000,0,10000,0,0,0,25000,0,2200000,128000,1287000,0,0,0,0,0,0,0,0,577000,4702000,49000,0,1728000,50000,0,0,0,910000,8000,250952000,0,0,13000,311000,0,0,1699000,213000,1000,3000,0,3126000,0,302000,26022000,3455000,1334000,0,0,0,0,0,0,0,0,0,0,982000,0,0,3810000,1113000,0,181000,0,0,0,0,,,,
1948,0,0,0,0,52000,0,251000,0,0,0,0,0,44000,0,0,0,13000,8372000,485000,0,73000,0,9000,0,0,0,47000,0,6400000,140000,1492000,0,0,0,0,0,0,0,0,635000,3426000,60000,0,2687000,65000,0,0,0,950000,50000,273007000,0,0,19000,338000,0,0,1872000,496000,3000,13000,0,3323000,0,227000,29249000,3291000,1881000,0,0,0,0,0,0,0,0,0,0,1597000,0,0,4149000,4347000,0,159000,0,0,0,0,,,,
1949,0,0,0,0,58000,0,253000,0,0,0,0,0,46000,0,0,0,9000,7818000,506000,0,118000,0,9000,0,0,100000,58000,0,12378000,152000,1502000,0,0,0,0,0,0,0,7000,842000,4067000,88000,0,3356000,126000,0,0,0,1150000,34000,248919000,0,0,14000,338000,0,0,1968000,621000,12000,17000,0,3232000,0,331000,33444000,4111000,2289000,0,0,0,0,0,0,0,0,0,0,2815000,0,0,4700000,6198000,0,194000,0,0,0,0,,,,
1950,0,0,0,0,128000,0,259000,52000,0,0,0,0,46000,0,0,0,15000,10155000,512000,0,202000,0,8000,0,0,1636000,58000,0,17190000,162000,1506000,0,0,0,0,0,0,0,82000,1119000,6584000,83000,0,4116000,175000,0,0,0,1699000,70000,266708000,0,1000,44000,347000,0,0,2051000,705000,17000,39000,0,3357000,3000,132000,37878000,4711000,2607000,0,0,0,0,0,0,0,0,0,0,3906000,0,0,5047000,7077000,0,293000,0,0,0,0,,,,
1951,0,0,0,0,291000,0,269000,40000,0,0,0,0,45000,0,0,0,13000,10840000,499000,0,306000,0,18000,0,0,2370000,52000,0,28017000,181000,1503000,0,0,0,0,0,0,0,99000,1367000,8592000,68000,0,4971000,185000,0,0,0,2283000,114000,303754000,0,1000,90000,357000,0,0,2139000,714000,19000,76000,0,3501000,7000,122000,42253000,5311000,2332000,0,0,0,0,0,0,0,0,0,0,6404000,0,0,6211000,8355000,0,336000,0,0,0,0,,,,
1952,0,0,0,0,350000,0,263000,40000,0,0,0,0,56000,0,0,0,15000,10980000,598000,0,436000,0,64000,0,0,3297000,51000,0,37386000,215000,1505000,0,0,0,0,0,0,0,119000,1755000,18521000,67000,0,5074000,217000,0,0,0,2764000,126000,309447000,0,8000,98000,375000,0,0,2249000,715000,22000,101000,0,3552000,46000,149000,47311000,5353000,2352000,0,0,0,0,0,0,0,0,0,0,8236000,0,0,8002000,8781000,0,306000,0,0,0,0,,,,
1953,0,0,0,0,367000,0,272000,66000,0,0,0,0,55000,0,0,0,21000,10160000,846000,0,622000,0,85000,0,0,4062000,50000,0,43014000,189000,1501000,0,0,0,0,0,0,0,164000,2189000,28186000,78000,0,4881000,242000,0,0,0,3221000,142000,318535000,0,15000,119000,391000,0,0,2137000,820000,27000,103000,0,4080000,85000,150000,52777000,5454000,2351000,0,0,0,0,0,0,0,0,0,0,10881000,0,0,9058000,10487000,0,296000,0,0,0,0,,,,
1954,0,0,0,0,505000,0,307000,62000,0,0,0,0,59000,0,0,0,14000,11730000,1217000,0,789000,0,72000,0,0,4778000,71000,0,47915000,184000,1503000,0,0,0,0,0,0,0,226000,2666000,30625000,221000,0,4788000,266000,0,0,0,3448000,180000,312846000,0,22000,129000,415000,0,0,2292000,939000,58000,118000,0,4229000,73000,175000,59281000,5530000,1970000,0,0,0,0,0,0,0,0,5000,0,12923000,0,0,9741000,11329000,0,300000,0,0,0,0,,,,
1955,0,0,0,1000,878000,0,347000,83000,0,0,0,20000,54000,0,0,0,51000,12535000,1601000,0,966000,0,204000,0,0,5438000,67000,0,55106000,180000,1502000,0,0,0,0,0,0,0,336000,3147000,33241000,351000,0,5253000,283000,0,0,0,3666000,211000,335744000,0,35000,264000,466000,0,0,2303000,1024000,179000,102000,0,4365000,55000,208000,70793000,5493000,1821000,0,0,0,0,0,0,0,0,150000,0,17410000,0,0,10555000,12204000,0,314000,0,0,0,0,,,,
1956,0,0,0,21000,1264000,0,396000,88000,0,0,0,20000,66000,0,0,0,71000,12713000,1202000,8000,1163000,0,569000,0,0,5876000,72000,0,55507000,184000,1506000,0,0,0,0,0,0,0,462000,3510000,31475000,417000,0,5637000,290000,0,0,0,3428000,231000,353698000,0,59000,531000,451000,0,0,2455000,1097000,306000,97000,0,4437000,34000,266000,83806000,6104000,1729000,0,0,0,0,0,0,0,0,247000,0,23131000,0,0,10920000,13093000,0,310000,0,0,0,0,,,,
1957,0,0,0,54000,1411000,0,440000,95000,0,0,0,23000,82000,0,0,0,57000,12378000,675000,10000,1460000,0,1262000,0,0,6648000,67000,0,58542000,181000,1599000,0,173000,0,0,0,0,0,565000,3965000,21998000,466000,0,5524000,301000,0,0,0,3186000,395000,353646000,0,72000,1321000,421000,1000,0,2567000,1523000,298000,75000,0,4858000,21000,490000,98346000,6327000,2397000,0,0,0,0,0,0,0,0,285000,0,24459000,0,0,11180000,15800000,0,321000,0,0,0,0,5300000,,,
1958,0,0,0,89000,1386000,0,439000,94000,0,0,0,35000,80000,0,0,0,46000,13115000,830000,51000,2264000,0,1546000,0,0,8222000,58000,0,71749000,175000,2034000,0,505000,0,0,0,0,0,726000,4438000,35817000,448000,0,5209000,311000,0,0,0,2836000,462000,330955000,0,72000,2473000,410000,256000,0,2502000,1621000,329000,74000,0,5102000,429000,403000,113216000,6342000,3184000,0,0,0,0,0,0,0,0,222000,0,22259000,0,0,11336000,16377000,0,367000,0,0,0,0,16600000,,,
1959,0,0,0,128000,1618000,0,450000,93000,0,0,0,35000,83000,0,0,0,26000,13516000,1036000,51000,3700000,0,1695000,0,0,7993000,56000,0,72053000,175000,2252000,0,753000,0,0,0,0,0,838000,5110000,41940000,413000,0,5390000,319000,0,0,0,2458000,529000,347929000,0,62000,3083000,364000,533000,0,2360000,1773000,390000,95000,0,6378000,1232000,479000,129557000,7261000,3155000,0,0,0,0,0,0,0,0,192000,0,24853000,0,0,11438000,18448000,0,406000,0,0,0,0,27900000,,,
1960,0,0,0,129000,1977000,0,454000,102000,0,0,0,29000,86000,0,0,0,14000,13889000,1217000,67000,5500000,52000,1998000,0,0,8212000,60000,0,84820000,194000,2256000,0,800000,0,0,0,0,0,943000,5530000,47467000,466000,0,4583000,361000,0,0,0,2448000,545000,347975000,0,64000,3870000,360000,837000,0,2572000,1918000,375000,92000,0,9138000,8632000,728000,147859000,7584000,3319000,0,0,0,0,0,6000,0,0,200000,0,25509000,0,0,11500000,20809000,0,526000,0,0,0,11000000,39200000,,,
1961,0,0,0,135000,2163000,0,513000,107000,0,0,0,26000,106000,0,0,0,10000,14973000,1457000,104000,6200000,103000,1972000,0,0,8382000,60000,0,86903000,203000,2248000,0,774000,0,0,0,0,0,1208000,6207000,48979000,390000,0,4124000,387000,0,0,0,2356000,564000,354303000,876000,65000,4549000,386000,2234000,0,2587000,2046000,442000,80000,0,11752000,15657000,771000,166068000,7238000,3819000,0,0,0,0,0,14000,0,0,207000,0,29722000,0,0,11582000,21284000,0,657000,0,0,0,31000000,50500000,,,
1962,0,0,0,135000,2370000,0,1078000,101000,0,0,0,23000,111000,0,0,0,12000,15680000,1641000,471000,6800000,123000,1806000,0,0,8808000,58000,0,98140000,203000,2249000,0,827000,0,0,0,0,0,1524000,6806000,49168000,364000,0,3790000,457000,0,0,0,2394000,584000,361659000,8781000,65000,4367000,340000,3274000,0,2822000,2157000,595000,127000,0,13715000,20507000,785000,186244000,7059000,4735000,0,0,0,0,0,7000,0,0,199000,0,32865000,0,0,11864000,22760000,0,724000,0,0,0,51000000,61800000,,,
1963,0,0,0,151000,2522000,0,1652000,79000,0,0,0,19000,123000,0,0,0,31000,16106000,1756000,800000,7500000,109000,1784000,0,0,9095000,52000,0,105191000,212000,2256000,0,888000,0,0,0,0,0,1722000,7418000,56669000,443000,0,3438000,477000,0,0,0,2620000,636000,372001000,22272000,65000,4669000,325000,3712000,0,2867000,2215000,746000,150000,0,13566000,23637000,751000,206069000,8228000,5648000,0,0,0,0,0,6000,0,0,173000,0,34655000,0,0,12233000,22275000,0,808000,0,0,0,71000000,73100000,,,
1964,0,0,0,199000,2846000,0,2212000,81000,0,0,0,18000,127000,0,190000,0,37000,16207000,1801000,905000,8500000,83000,2669000,0,0,10125000,49000,0,115793000,282000,2461000,0,1058000,0,0,0,0,0,1784000,7733000,61627000,428000,0,3544000,547000,0,0,0,2663000,556000,376609000,41409000,65000,4353000,369000,5933000,0,3181000,2270000,921000,120000,0,14004000,26489000,764000,223603000,8597000,6355000,0,0,0,0,0,2000,0,0,160000,0,36937000,0,0,12395000,22919000,0,689000,0,0,0,91000000,84400000,,,
1965,0,0,0,204000,2998000,0,3822000,57000,0,0,0,14000,82000,0,333000,0,57000,16540000,1803000,655000,10000000,71000,2210000,0,0,10961000,49000,0,118457000,339000,2842000,0,1264000,0,0,0,0,0,1656000,7964000,64474000,438000,0,3936000,535000,0,0,0,2855000,545000,384946000,58492000,70000,4488000,376000,13426000,0,3081000,2395000,1533000,103000,0,13672000,26481000,822000,242888000,10124000,6478000,0,0,0,0,0,2000,0,0,229000,0,39868000,0,0,12571000,23999000,0,676000,0,0,184000000,111000000,95700000,13700000,,
1966,0,0,0,188000,2932000,0,4647000,27000,0,0,0,12000,77000,0,531000,0,69000,16990000,1705000,631000,13000000,62000,1758000,771000,0,13845000,48000,0,124688000,400000,3079000,0,1447000,0,0,0,0,0,1620000,7948000,67959000,793000,0,4693000,517000,0,0,0,2757000,568000,409170000,72645000,75000,5548000,351000,20598000,0,3075000,2366000,2041000,103000,0,14559000,33862000,886000,265125000,9928000,6257000,0,0,0,0,0,2000,0,0,404000,0,43112000,0,0,12825000,23240000,0,782000,0,0,179000000,131000000,107000000,17400000,,1000000
1967,0,0,0,134000,2832000,0,5667000,0,0,0,0,10000,87000,0,1023000,0,116000,18702000,1686000,537000,11000000,50000,1606000,2241000,0,15483000,46000,0,125478000,450000,3469000,0,3444000,0,0,0,0,0,1620000,8007000,59884000,1894000,0,5099000,502000,0,0,0,2685000,587000,434573000,83477000,84000,7079000,288000,16551000,0,3453000,2265000,2752000,99000,0,16015000,39075000,984000,288068000,9603000,6696000,0,0,0,0,0,2000,0,0,499000,0,47249000,0,0,13206000,25155000,2857000,788000,0,0,188000000,141000000,131000000,18500000,,
1968,0,0,0,118000,2688000,0,5853000,0,0,0,0,8000,84000,0,1868000,0,198000,19947000,1807000,750000,15000000,43000,1505000,3191000,0,16285000,202000,0,131462000,475000,3773000,0,4642000,0,0,0,0,0,1785000,8062000,73775000,1954000,0,5978000,518000,0,0,0,2724000,729000,449885000,125539000,127000,7684000,240000,7014000,0,3613000,2147000,3104000,89000,0,17525000,42904000,1134000,309150000,9010000,10607000,0,0,0,0,0,4000,0,0,475000,0,51029000,0,0,13285000,29712000,12012000,744000,0,0,192000000,154000000,143000000,24100000,,
1969,0,0,0,99000,2499000,0,6723000,0,0,0,0,5000,77000,0,2007000,0,206000,21058000,1754000,2458000,14600000,27000,1477000,3704000,0,17025000,447000,0,139325000,439000,3798000,0,5028000,0,0,0,0,0,1711000,7961000,74485000,1876000,0,6107000,533000,0,0,0,2758000,794000,455602000,149881000,190000,8239000,212000,26575000,0,3519000,2020000,3623000,59000,0,18166000,44784000,1307000,328373000,10934000,14795000,0,0,0,0,0,2000,0,0,325000,0,55124000,0,0,13246000,36620000,16368000,749000,0,0,191000000,163000000,169000000,30400000,,
1970,0,0,0,77000,2309000,0,6809000,0,0,0,0,0,84000,0,8494000,0,159000,21508000,1937000,5065000,23930000,19000,1405000,4151000,0,17373000,859000,0,150636000,424000,3825000,0,5423000,0,0,0,0,0,1468000,7625000,76457000,1122000,0,6685000,453000,0,0,0,2798000,798000,475289000,159814000,151000,7980000,193000,54203000,0,3550000,1919000,3542000,44000,0,20026000,48205000,1487000,353039000,11327000,20904000,0,0,0,0,0,10000,0,0,334000,0,62000000,0,0,13377000,42598000,16583000,770000,0,0,197000000,192000000,193000000,37800000,,
1971,0,0,0,63000,1861000,0,7185000,0,0,0,0,0,83000,0,15581000,0,120000,21416000,1955000,5721000,36650000,14000,1288000,4109000,0,20645000,3276000,293000,160856000,395000,3739000,0,5785000,0,0,0,0,0,1402000,7515000,83266000,1710000,0,6341000,401000,0,0,0,2516000,872000,466704000,132974000,123000,8303000,179000,76377000,0,3053000,1714000,3452000,23000,0,21758000,37082000,1657000,377075000,11127000,21152000,0,0,0,0,0,13000,0,0,305000,0,66193000,0,0,13793000,44100000,14685000,752000,0,0,190000000,241000000,229000000,51300000,,
1972,0,0,0,48000,1484000,0,7373000,0,0,0,0,0,83000,0,16075000,0,112000,22166000,1977000,7057000,42950000,336000,1152000,3977000,0,23493000,4432000,1626000,165800000,347000,3488000,0,6309000,0,0,0,0,0,1417000,7199000,72144000,2031000,0,8823000,387000,0,0,0,2478000,968000,466956000,108287000,138000,8138000,4016000,90918000,0,3204000,1597000,3388000,28000,0,22130000,50086000,2150000,400440000,10142000,16840000,0,0,0,0,76000,6000,0,0,248000,0,75421000,0,0,14128000,53756000,14056000,716000,0,0,174000000,304000000,254000000,58400000,,
1973,0,0,0,39000,1254000,0,7198000,0,0,0,0,0,88000,0,19137000,0,138000,23255000,1989000,8154000,51250000,2091000,1048000,3879000,0,27502000,4340000,1584000,152418000,392000,3411000,0,7598000,0,0,0,0,0,1276000,6702000,99542000,2196000,0,11053000,373000,0,0,0,2579000,981000,454190000,104882000,764000,8276000,10615000,101765000,0,3482000,1492000,3511000,42000,0,21476000,50822000,2107000,429037000,9493000,14089000,0,0,0,0,68000,6000,0,0,190000,0,88028000,0,0,14287000,66216000,14630000,700000,0,0,181000000,384000000,295000000,74200000,,
1974,0,0,0,40000,1080000,0,7490000,0,0,0,0,0,88000,0,18956000,0,168000,29593000,1997000,8541000,65000000,2455000,1023000,4139000,0,24698000,3870000,1706000,128609000,550000,3363000,0,10202000,0,0,0,0,0,1110000,6245000,96859000,2112000,0,9620000,323000,0,0,0,2238000,894000,432794000,73364000,1976000,8617000,8989000,111578000,0,3815000,1461000,3309000,24000,0,21139000,47006000,1770000,458848000,8686000,12241000,0,0,0,0,89000,6000,0,0,144000,0,82529000,0,0,14486000,67499000,14466000,672000,0,0,161000000,430000000,303000000,81300000,,
1975,0,0,0,35000,1028000,0,8283000,0,0,0,0,1000,996000,0,20159000,0,226000,36889000,2006000,7791000,75000000,1789000,1018000,4609000,0,21102000,4683000,9276000,105232000,553000,3050000,0,11096000,0,0,0,0,0,994000,5797000,111168000,1874000,0,9290000,261000,0,0,0,2037000,955000,413090000,71533000,2028000,8352000,8155000,88440000,0,3553000,1419000,3095000,20000,0,20773000,47540000,1820000,490801000,8102000,16755000,0,0,0,0,148000,6000,0,0,122000,0,70087000,0,0,14590000,64138000,17016000,606000,0,0,127000000,359000000,269000000,80600000,,
1976,0,0,0,36000,1057000,0,8659000,3000,0,0,0,0,11376000,0,20516000,0,235000,41337000,2142000,7564000,85000000,2100000,1109000,3710000,0,24018000,8026000,13799000,108046000,455000,2902000,0,11326000,0,0,0,0,0,938000,5577000,118905000,1890000,0,10970000,271000,0,0,0,1931000,1159000,401252000,93452000,1772000,8121000,9488000,103479000,0,3775000,1371000,2595000,9000,0,20810000,50094000,1900000,519877000,7553000,16756000,0,0,0,0,195000,8000,0,0,117000,0,64529000,13000,0,14700000,74195000,18290000,580000,0,0,125000000,437000000,297000000,94000000,,
1977,0,0,0,24000,1032000,0,10185000,1000,0,0,0,0,37418000,0,20580000,0,256000,49279000,2191000,7602000,93640000,1639000,1083000,4304000,0,21414000,8733000,13554000,98633000,364000,2895000,0,11267000,0,0,38000,0,0,928000,5468000,115145000,1612000,0,10540000,477000,0,0,0,1787000,1343000,405712000,99503000,844000,7810000,9283000,102969000,0,4496000,1382000,2604000,22000,0,22167000,53519000,1950000,545799000,7106000,24075000,0,0,0,0,503000,14000,0,0,129000,0,64667000,7000,0,14650000,82931000,16968000,593000,0,0,121000000,468000000,286000000,96800000,,
1978,0,0,0,24000,1105000,0,11271000,1000,0,0,0,0,52146000,0,20547000,20000,240000,63328000,2200000,6469000,104050000,2569000,1452000,4944000,0,23555000,10320000,16957000,107398000,363000,2754000,0,10600000,0,0,505000,0,0,780000,5125000,125629000,1506000,0,11146000,471000,0,0,0,1790000,1413000,428490000,95857000,980000,7788000,10223000,94760000,0,7442000,1390000,2731000,24000,0,23236000,57195000,2100000,571531000,6755000,24417000,0,0,0,0,432000,15000,0,0,246000,0,64448000,30000,0,13724000,80447000,15696000,541000,0,0,117000000,424000000,265000000,88600000,,
1979,0,0,0,21000,1197000,0,12841000,1000,0,0,0,0,77165000,0,19795000,20000,240000,75475000,2027000,8775000,106150000,2783000,1720000,5537000,0,24500000,13465000,18819000,125313000,331000,2556000,0,10316000,0,0,2004000,0,0,1010000,4834000,170493000,1294000,0,12079000,496000,0,0,0,1728000,1514000,420818000,100868000,1158000,8042000,10874000,114500000,0,9453000,1084000,2823000,19000,0,24279000,56898000,2100000,585571000,6410000,26598000,0,0,0,0,430000,15000,0,0,260000,0,73279000,78000,0,12323000,78072000,14722000,482000,0,0,127000000,488000000,160000000,88700000,,
1980,0,0,0,1914971.4,2461081.3,0,9625194.5,27398.273,0,0,0,0,89741974,54482.684,22220110,108965.37,335287.3,113858100,3002012.5,8069935.8,114727550,3468170.9,2199348.4,5764622.7,0,25394691,14830802,26692823,94188263,417306.72,2913669.8,0,9511853.2,0,0,3184624.7,0,0,2220589.4,5087863.212,135643070,1579813.2,0,14178699,541289.45,0,0,0,1607100.7,1667159.1,517126890,96871773,1760763.6,10164685,11350805,111544570,0,10624345,1661971.1,2537626.5,52968.763,0,27621881,58403278,2560926.2,646315190,7187394.1,33302288,0,0,0,0,314544.74,17150.681,0,0,162921.88,0,89124977,274398.15,0,13295917,87509117,15362678,584761.14,0,0,117000000,510000000,74200000,83800000,,
1981,0,0,0,1964303.1,2926965.5,0,17157825,5464.6828,0,0,0,0,98814774,380079,22888496,108704.48,511006.77,136005340,2993994.5,6974835.4,108893640,4416487.7,2136648.7,6166972.2,0,22376524,13845901,26004709,63636723,416166.54,2805418.7,0,8184946.1,0,0,4763885,0,0,2563779.6,4910168.792,53779209,1280996.8,0,9837718,539994.66,0,0,0,1425079.9,1496343.6,515913270,62009331,1330267.3,11862670,11705543,77570145,436585.46,10530516,1770756.1,2530693.3,52713.569,0,27787102,53533180,2553929.1,652917300,7112309,33374851,0,0,0,0,783937.1,57206.098,0,0,162421.49,0,80821793,273648.41,0,13419221,89707474,17319813,420180.35,0,0,114000000,506000000,66200000,74100000,,
1982,0,0,0,54481.123,2644387.2,0,20611410,16394.049,0,0,0,0,113541440,488838.73,21322666,108704.48,628825.19,160539610,3206782.1,6545614.7,110679670,4735751.6,2023267.5,6271496.8,0,18597137,16048658,27016045,46403618,288552.94,2697174.5,0,8455970.8,0,0,5968545.9,0,0,2670201.1,4637348.792,54422157,1459556.5,0,9351779,646158.28,0,0,0,1480509.3,1662604,517062500,62741207,1596320.7,14458947,11705543,70100021,1183127.8,10637877,2434435.1,2750753.4,52713.569,0,27511244,53186989,3714806.1,656846500,7999472.6,37436577,0,0,0,0,1829186.7,549091.99,0,0,162421.49,0,79633301,328378.11,0,13472432,73746155,17589964,528940.08,0,0,103000000,340000000,120000000,64400000,,
1983,225988.94,0,0,54481.123,2698417.4,0,25358118,21858.731,0,0,0,0,126978970,1249254.5,23415724,108704.48,746569.93,157608510,3149253.6,9496506.7,114738820,4629330.2,2590173.2,6271496.8,0,16561275,19143007,33659981,60118820,255245.63,2628240.1,0,8510175.7,10649.503,0,6242332.5,0,0,2457358.1,4473656.792,54047104,1356927.9,0,9783724.8,699451.8,0,0,0,1425079.9,1662604,518992070,59948338,3086220.3,18874413,13138328,67176933,1384104,9221938.1,3364766.1,2420663.1,52713.569,0,27370430,51763832,4353288.2,660667480,8549135.2,40771488,0,0,0,0,2351811.4,879983.37,0,0,162421.49,0,83849922,382850.02,0,13408404,74480797,20345495,528940.08,0,0,97300000,240000000,123000000,60700000,,
1984,396758.02,0,0,54731.928,2705810.3,0,27532597,10959.304,0,0,0,0,138487560,1470534,27472456,108965.37,925328.67,162821620,3198176.1,11190311,124604760,6456133.4,2597408.1,6288679.1,0,21991158,23546822,38484974,65830879,256018.76,2581253.3,0,8533491.1,21357.371,0,7412488.5,0,0,2449053,4376588.112,65155182,1309301.5,0,9286380.8,914504.11,0,0,0,1317498.8,1778303,532750180,59434082,2454397.9,26502844,14334781,75340080,1497323,9946838.4,3828751.8,2261797.7,52968.763,0,26973213,56686825,3201157.8,656835570,9462079,46076584,0,0,0,0,2410660.3,1491424.3,0,0,217155.32,0,89469582,274398.15,0,13285070,77628876,22556580,452005.06,0,0,97600000,219000000,103000000,58100000,,
1985,452198.83,0,0,54481.123,3387762.8,0,32784229,5464.6828,0,0,0,0,141152310,1520831.6,32093964,54223.355,1080462.5,160906830,3138215.8,12393746,135575840,6385283,2590173.2,5957922,0,17054829,23482578,42034679,57845390,255245.63,2509979.7,58264.788,9323249.8,37809.052,0,10130101,0,0,2335737.7,4473656.792,77178886,1254299.4,0,8882917.4,1869479.4,0,0,0,1258791.9,1662604,535514400,57342579,2341270.4,31350948,15563042,80926285,1438668,10241861,4748888.5,2255617.9,52713.569,0,26082445,57890839,3192411.4,640482730,9879881.9,49585316,0,0,0,0,3031223.5,2698076.7,0,0,324842.99,0,91026833,164189.06,0,12344191,71660812,27075682,613613.19,0,0,91500000,172000000,110000000,56000000,,
1986,452198.83,0,0,54481.123,3807086.9,0,33438686,0,0,0,0,0,141922470,1086308.2,29072187,16394.049,1139482.1,146454510,3138215.8,15130028,141799870,6332072.3,2816935.5,5801134.6,0,17147984,26798553,46153263,80240891,255245.63,2697174.5,116271.81,8998020.2,38016.2,0,9692042.4,0,0,2031672.7,4419092.792,90948677,1113852.6,0,9584829.3,2241761,0,0,0,1258791.9,1330304.1,517682500,56173645,2302200.3,31903769,16224327,79410606,1438668,9597699.2,5712628.4,2530693.3,26329.167,0,25034637,60433353,3192411.4,660701900,17062910,45414333,0,0,0,525846.84,3971948.1,2675991.5,0,0,324842.99,0,90857536,273648.41,0,12397401,74572304,30425543,718167.6,54987.453,0,98900000,253000000,103000000,64600000,,
1987,395738.42,0,0,16438.238,3996482.1,0,32415817,0,0,0,0,0,135230640,977677.46,30656136,0,1139482.1,152240020,2901999,19314930,145588410,6544915.2,3829627,5658579.8,0,16420019,26512642,53648418,90060799,201758.74,2628240.1,116271.81,8401765.8,37919.525,0,9527770,0,0,1978462,4091708.792,111790880,1127229,0,7961360,2241761,0,0,0,1187474.8,941985.79,501649600,52877438,2049274.4,31772768,9666578.3,72590065,1384104,8846176.1,5372484.7,2805768.5,21184.852,0,24879442,60849880,3134367.7,668710210,21528725,49985020,0,0,0,1057585.6,5069459.9,2479738,0,0,324842.99,0,95549187,218918.74,0,12078136,72088707,31698458,671697.56,27493.738,0,100000000,214000000,117000000,68200000,,
1988,283490.9,0,0,21859.54,4115676.9,0,33964581,0,0,0,0,0,126155820,653459.91,30355902,0,965429.13,151729200,3180978.3,24317408,148158100,7683332.4,5155444.6,5596254.3,0,19501348,28846560,61073261,85417732,202293.05,2689794.1,175051.7,8642198.6,43296.281,0,8949893,0,0,1652158.4,4311029.463,145056320,1168266.8,0,7874889.9,2407867,0,0,0,1317498.8,750531.79,492827360,63844299,1881655.8,31205137,16766136,78705414,1223561.9,7632265.6,4818542,2758289.8,21187.501,0,26074120,59683327,2560926.2,671471310,21138008,47953957,0,0,0,9147625.9,5188160.4,2741636.8,0,0,238789.62,0,100669640,164694.26,0,10852107,72233223,33681591,669437.29,27490.586,0,105000000,273000000,117000000,72000000,,
1989,226173.06,0,0,16349.86,3996371.5,0,37342308,0,0,0,0,0,102054120,108612.42,27729124,0,962791.32,152223830,2676682,24411924,149214600,8726553.9,4679992.7,5685488.7,0,21046946,31127842,80089386,101239270,173037.86,2642978.9,232764.56,11274628,34117.445,0,9308741.6,0,0,1552684.3,4140966.452,157379670,1216389.1,0,7541925.4,2560837.3,0,0,0,1313899,871329.72,460948180,62540977,1477673.9,33287617,15452864,92889297,1001999.7,6995427.6,4148436.5,3080843.9,15847.212,0,26328430,62639755,2728060.7,650385190,22587452,49204517,0,0,0,10231791,6114709.4,2766578.7,0,0,270610.42,0,98461876,218992.38,0,10130717,77146118,35054974,613302.05,10966.19,0,106000000,271000000,144000000,85100000,,
1990,226173.06,0,0,10899.907,3739883.2,0,35232658,0,0,0,0,0,101693000,108612.42,32014977,0,903937.34,155515980,2906795.3,25484976,150134670,8779764.2,4963445.7,5058339.1,0,22987959,32951622,87774887,66555023,115358.58,2470458.3,226945.46,14635334,50113.793,0,8815925.6,0,0,1522672.8,3917303.146,110501850,1267703.3,0,8513802.5,3305400.4,0,0,0,1258478.9,760489.46,447572780,74503029,1291675.8,35113625,15783506,97977638,892890.16,6967249.9,4528598.3,4016099.9,15847.212,0,27597376,66657898,1741315.4,610328000,24639019,49413273,0,0,0,10171942,6323759.6,3079269.6,0,0,216488.35,0,98673706,218992.38,0,9013523.1,80133644,37432297,613302.05,16449.286,0,118000000,343000000,163000000,93200000,,
1991,226173.06,0,0,10899.907,3591454.7,0,32859306,0,0,0,0,0,101828340,108612.42,30395458,0,903937.34,163509090,2480870.2,26826290,153436110,8300868,4566611.8,5633226.4,0,22751852,34367683,100163630,10356661,160736.8,2253969.9,203669,15936253,44781.677,0,8377866.7,0,0,1324835.8,3873388.5,16341574,1267703.3,0,9107728,3377847.9,0,0,0,1480159.4,871329.72,454172730,80445038,1610940,35137470,16555006,102416400,910160.6,6215726.9,4595286.4,4841326.2,15847.212,0,27813221,66380341,1102833,556925960,23414114,49695179,0,0,0,10382759,7473534.1,3195578.3,0,0,64946.502,0,98589470,240891.62,0,7789677.1,86965790,38158401,830526.89,16449.286,0,131000000,428000000,174000000,107000000,,
1992,317509.8,0,0,10929.77,3668553.1,1236328.6,30857849,0,0,2176002.7,0,0,104394760,81682.488,29765806,60276.21,1024444.3,163246540,2429981.2,28298576,154399200,9284027.1,4745729,5910688.4,0,24482323,34870682,114018730,59143326,171922.33,2285023.5,291752.85,16197327,55597.823,0,7687025.1,2171183.8,117818.12,1221752.5,3446366.8,22833433,1351238.8,3103353,9432436.9,3374132.4,0,0,0,1313564.4,798076.27,443534360,77999924,1547120,35133209,17855135,105465260,741064.19,6286583.9,3534497.3,4633926.9,10593.763,11906341,31651365,68203148,640231.55,423073090,24247557,48800331,0,14079.458,157410.83,9618474,8542122.8,3536048.2,81540.339,0,59697.393,24100142,102982150,263510.85,67369.476,7554954.1,82503700,40345490,941712.26,0,0,132000000,442000000,176000000,118000000,,
1993,327950.95,0,0,10899.907,3496439.7,1232950.7,29434221,0,0,2210094.2,0,0,109289560,27153.116,28001749,87434.925,1257061.2,163188450,2400115.3,27309164,156412830,9631135,4732762.3,5280065.5,0,23883600,34255993,121868130,102994560,262536.76,2692599.1,290955.69,16966146,60778.026,0,6954177.4,2165251.7,106669.95,1203408.6,3327841,28032829,1398861.3,3995957.4,9448147.8,3287581.2,0,0,86610.071,1250631.7,791892.95,426340420,73999001,1213969.7,35962143,19112803,106097340,626201.45,6806209.1,3474824,4181145.2,10564.808,11131898,34002754,66460754,638482.27,372708680,25435429,49339569,74332.036,14040.994,108262.58,11594960,9093670.8,3624578,470785.74,0,54122.087,22085567,108344250,383236.68,40119.756,7247112.3,82760300,42138165,818978.85,0,0,136000000,429000000,184000000,114000000,,
1994,333605.26,0,0,5449.9535,3558759.2,1366631,33007771,0,0,2370913.7,0,0,135870240,369282.22,29752604,76505.564,1492477.1,166068630,2649457.2,28779097,159080380,9572822.6,4912891.9,4950024.6,0,23808956,34517509,137875690,113666530,267894.66,2732065.2,349146.84,17808922,82106.493,0,5910788.1,2151756,85892.431,1118854.6,3195414.8,30404749,1465383.8,5587894.9,9579654.7,3031972.9,0,0,156980.75,1191288,773617.63,416002960,74880951,1064692.6,37899914,20226686,104523380,592555.4,6909157.8,5435217.4,3961085.1,10564.808,10260903,37414913,65613251,638482.27,339741060,25099096,49656071,74332.036,4680.3313,97896.077,17667513,9667412.8,4112439.2,470785.74,0,59534.308,22459295,112784500,453959.23,29293.5,7492756.4,82793793,44030682,751944.66,0,0,144000000,432000000,185000000,115000000,,
1995,169629.8,0,0,5449.9535,3199687.7,1259417.9,39091232,0,0,2039708.6,0,0,143997570,435714.33,30902431,218587.32,1596479.3,161774460,2457643.5,34672062,161827710,9996904.4,5311744.7,4698821.1,0,25409300,36606411,148578570,115811330,246463.09,2613667,409011.99,19768913,66110.142,0,6078060.6,2088429.7,106669.95,1059530.9,3218731.4,31004894,1686171.3,7943429.9,9320930.5,3232678.4,0,0,173220.14,1296814,544041.57,411831670,75500725,848230.24,39401318,21720467,107870320,513363.48,7000634.7,4580412.4,3712386.8,15847.212,9743525.5,40901257,66194550,580438.44,331406010,32584583,51020584,80049.872,9360.6627,54131.292,18180840,9724829.7,4466195.6,470785.74,0,54122.087,22412283,117828620,521681.85,34706.63,7438578.6,82246162,46416824,764672.64,0,0,155000000,431000000,185000000,114000000,,
1996,113396.36,0,0,10929.77,2824285,1262868.4,37826969,0,0,1853482.1,0,0,148299440,871279.84,31791288,328779.28,1850657.3,174506820,2269586.8,38132286,169938900,10720716,5786340.7,4598700.5,0,28972494,37365879,166040770,115975930,268628.63,2295205.4,437469.84,20021671,82331.449,0,5930891,1962815.5,106962.2,950594.54,3245485.5,31885427,1807517.8,8147844.3,8870879.2,3054159.6,0,0,163268.88,1233989,452603.25,409927860,76647240,551933.41,44745739,22037380,108591670,475020.32,6493068.7,4200085.2,3705905.4,15890.619,9782028.2,43374657,69961502,552927.26,324616090,34939953,51342686,91736.22,93504.056,65135.516,17991682,10896368,4949676,472075.58,0,37989.262,24785606,120400730,704375.51,29373.756,7501597.4,84995308,48283123,790767.55,0,0,165000000,437000000,187000000,117000000,,
1997,73506.244,0,0,16349.86,2326668,1152204.9,39180054,0,0,1846859.3,0,0,144140230,1019171.2,32977539,273234.16,1873594.5,181948670,2642164.9,38297653,173209210,13955250,6353491.3,4426913.3,0,31685759,38732193,168107670,113618150,321473.6,2599010.9,290955.69,20073648,92770.725,0,6789905.5,1967264.7,95843.688,659429.55,3055067.1,62687305,1795391.3,7814552.8,9263364.8,3152181.1,0,0,207552.73,1080447.7,506786.76,407405980,79274498,404401.27,46941181,21517551,115436990,525154.89,6398828,3950443.7,3736502.9,0,9627628.3,47682964,71853760,532015.56,327911800,36279736,47738293,85767.731,233042.05,144819.75,19090387,12045569,6179555.9,470785.74,0,32473.251,28201218,126128650,875969.53,30886.138,7402377.1,83487534,49097664,712735.06,0,0,172000000,432000000,187000000,117000000,,
1998,56543.265,0,0,10899.907,2081654.8,1044991.7,38695461,0,0,1950068.8,0,5532.8072,149683430,1086124.2,30687649,273234.16,1924450.3,185973790,2141776.3,39439056,173092070,14581387,6086774.8,4233757,0,39960007,41420727,160891830,118105300,396484.11,2451300.6,407337.99,19067516,87438.613,0,6625633.2,1971268.9,90430.558,629890.8,3218731.4,115797330,2122977.7,7998154.2,9405075.1,3057251.9,0,0,296357.72,1171652.9,617627.02,394862400,76311119,585317.61,54069962,20826559,116569440,376602.92,6241316.8,4032601.8,3589997.1,5282.4039,12721636,48471283,70901985,365676.22,325283290,40745163,46548824,68614.177,468033.16,118629.1,20452902,12456940,6768886.6,1408196.1,0,43297.671,28476175,129813310,1301204.7,25473.008,7289760.6,83485405,48871178,703861.47,0,0,178000000,445000000,191000000,122000000,,
1999,56543.265,0,0,10899.907,1929916.4,1044991.7,38233364,0,0,1604407.3,0,11065.614,153232640,814593.14,30519608,327880.98,2316432.7,177448440,2014239.5,39966763,172919770,14881013,4681780.8,4394267.1,0,39233505,39797939,161021300,107878120,482210.4,2436644.8,581911.39,17943321,82106.493,0,5475729.9,1980612.2,85477.173,590932.73,3000512.4,134969770,1903101.6,7237350,10735230,2996253.3,0,0,251777.26,1036798.4,534496.78,377788330,72524773,323491.87,62868031,20691282,115292240,40904.261,5735546.6,2899412.2,3251315.4,10564.808,15206485,45948460,70027382,323614.3,337888580,45403027,47791214,51460.646,3234557.9,119088.84,21564026,15688192,7321477.9,1717106.3,0,43297.671,32679283,125913960,1259206.2,25473.008,6960219.4,81040176,49425541,645091.77,0,0,159000000,409000000,178000000,112000000,,
2000,39121.751,0,0,4371.9178,1854516,940347.91,38003941,0,0,1544571.3,0,9930.8556,131516970,626083.61,39926823,383575.83,2459724.2,183770490,2147319.3,40156239,176311520,15426908,5135787,4204635.1,0,44208431,38934864,172114240,118054880,698874.77,2472659.1,583505.69,17121336,141145.42,1074.4539,4657371,2008345.1,108559.2,517444.37,3491107,138713870,1846058.6,7256408.2,11364347,3047485.1,0,0,324809.13,1095210.9,677138.81,377547270,77578354,253516.14,70644623,21951586,117515330,293418.2,5311461,2671330.2,2905913.4,15890.619,15430518,43801094,72565308,329195.41,360587620,38508057,43603630,57335.135,8729267.1,108559.2,23134863,19019817,8803220.7,1688199.9,0,46184.093,39240917,131725750,1135292.5,20635.67,6766193.9,79058983,52721867,700733.01,2199.3518,0,160000000,439000000,192000000,122000000,,
2001,39580.286,0,0,4359.9629,1790830.1,884172.08,38115555,0,0,1455635.9,0,11176.263,132607450,597368.3,36660198,382527.8,2942698.7,189443890,2110649.3,39830795,178603100,14033487,4447941.3,3757042.4,0,44035400,37414974,174457900,113491280,789298.42,2409018.5,581911.39,14635334,187726.23,751.61335,4196959.5,2002857.9,108262.58,546474.81,3538585.9,128854200,2061726.1,7237298.5,11453432,3374648.1,0,0,517224.49,1113082.3,561046.06,374008480,75134918,377723.04,72069771,22823418,122128650,302152.9,5165728.1,2285817.9,2640723.2,21129.616,16531796,45957680,76382889,345476.96,383482180,34703880,40996124,57178.479,9788047.8,108262.58,23235882,18093412,9017907.1,1669593.5,0,32635.633,44873688,134520490,1154089.8,17646.797,6904883.4,73859398,49498104,702498.26,2194.3073,0,163000000,428000000,190000000,118000000,,
2002,45234.613,0,0,5449.9535,1736616.4,830565.51,39929859,0,0,1395663.5,0,21080.004,131171630,651674.51,35303589,382527.8,2783551,191270800,1670675,48092556,183455050,13701194,4839199.5,4080167.8,0,43295147,39676735,170107220,108069930,713700.77,2404390.1,581911.39,13616282,331112.3,751.61335,3823109.9,1976162.9,82279.563,522017.6,3756788.7,109190730,2125517.4,7070445.5,9879430.8,3609835.1,0,0,478520.63,1150469.4,839307.55,371251040,72701698,341080.55,80933952,21728615,114642660,206038.62,5155028.3,3379519,2567771.9,13734.246,16932178,45532040,81613922,369216.89,410411770,32050514,40620705,57178.479,11175093,80114.312,23155867,19376921,9997397.4,1334934.6,0,40050.346,51794788,141680180,985165.72,16726.574,6865956.3,68991783,48660847,693989.22,1097.1536,0,153000000,390000000,179000000,109000000,,
2003,22617.307,0,0,3269.972,1514817.5,803762.26,39977036,0,0,1390578.9,0,27719.373,121792150,1031817.9,29413168,382527.8,3246804.2,202363140,1700661.7,48424026,184495220,13495001,5433751.6,4022846.2,0,49913044,41945965,166274950,121203940,784160.73,2431383.6,581911.39,13085964,331112.3,537.22697,3668739.1,1970379.1,74701.183,524462.7,3944241,70596428,1915632.2,7357359.9,10254359,3389249.3,0,0,419950.57,1110563.4,838106.69,360817200,78124496,351030.95,83551468,22739456,123148710,172443.08,4901485.9,3381838.3,2485023.3,10564.808,17466337,45209759,90156296,389880.51,455101440,30097807,40535141,71759,12624714,151567.62,22631014,19600863,12537147,1826131,0,32473.251,56799679,149843830,1204158.1,19054.204,6514863.5,63952984,44516281,709709.11,1097.1536,0,147000000,460000000,202000000,126000000,,
2004,0,0,0,4098.6636,1466401.2,779087.6,41222328,0,0,1289166.2,0,32677.524,105986600,1415829.8,25718872,383575.83,3418751.5,204505450,1859069.8,56697086,189149280,12876517,5921445.8,4259384.2,0,56816799,41331970,162672030,134879270,895281.97,2443320.5,583505.69,12993296,328280.81,322.84061,3623283.1,1972158.8,75991.437,489801.7,3714497.6,108669740,2824881.1,6695222.4,10727986,3508178.9,0,0,331539.81,1122729.2,1117460,353506070,83507385,319993.08,83014587,29267992,126415120,166360.74,4906875.6,3162184.7,2340175.2,10593.763,17057329,42804253,93539673,389551.82,495396880,29520283,38396561,49193.546,16074696,108559.2,21371044,20393520,12363278,3138552.2,0,54270.368,66767616,152824340,1087612.2,13569.9,6394377.7,60790840,40918083,766108.51,1099.6759,0,170000000,493000000,209000000,131000000,,
2005,0,0,0,5449.9535,1273942.9,732017.58,39924847,0,0,1200350.6,0,30430.453,94539848,2117942.1,26951553,327880.98,3076238.4,200619770,1627560,66879326,195380680,12468872,6497204.3,3998857.3,0,61235783,40251225,150414200,142876820,852125.23,2288934.5,581911.39,14435693,327383.85,267.35238,4507350.9,1894595.3,108262.58,457782.72,3651134,101203300,2902871.6,5809192.7,11046024,3610932.4,0,0,237419.84,1010441.2,1115887.9,335647340,91337112,164588.69,91981163,29393667,142226640,145579.03,5573766.7,2519831.2,2402576,7395.3709,23655769,41283146,98936996,406306.92,506978610,29275047,37001873,40024.947,16381161,108262.58,21089417,19710562,14707897,2048430.2,0,54122.087,71455742,150352340,939117.31,15119.686,5901108.3,57136215,42172958,835391.94,1097.1536,0,169000000,517000000,208000000,137000000,,
2006,0,0,0,5449.9535,1201939.9,816995.86,41325527,0,0,1098130.9,0,57098.579,85491676,3366984.8,25982182,327880.98,3039454.5,196346210,1550316.3,75857834,198850620,13098532,6255376.3,4074029.4,0,62720810,38150517,140313130,143212830,802950.02,2328400.6,674971.82,12858481,327383.85,267.35238,4731180.7,1894595.3,108262.58,365885.73,3685361.4,107642760,2817809.8,5024163.7,11657842,3613039.7,0,0,198824.26,1046185,1282668.6,330977570,97446083,159340.52,97109566,29597416,132072940,100291.1,5779639.7,2092559.3,2319375,10564.808,34847305,41166733,99516197,449402.48,518579040,29563112,35854797,35450.649,17696783,54131.292,19759243,17874018,16689039,1349290.8,0,54122.087,73766808,160181580,1102881.7,16239.388,5430376.5,53834976,40192665,843684.08,1097.1536,0,171000000,509000000,211000000,146000000,,
2007,0,0,0,5449.9535,1112087.2,816995.86,41277462,0,0,1009301.1,0,128859.09,85404953,2823922.9,26227697,327880.98,2974421,184836780,1328887.8,93406952,202310360,11304022,6119008.5,4472364.9,0,66317039,38189178,128880400,139692280,731902.9,2328400.6,787662.21,13237963,327383.85,267.35238,4535404.7,1894595.3,54131.292,284318.77,3617952.8,112319530,2851534.4,5314164.6,8912353.5,3892277.5,0,0,167103.29,1072110.3,1180786.6,331669100,100751270,146220.07,98416626,28232141,127189260,68006.627,5701730.7,2838343.1,2255768.5,11621.279,45764416,40403347,99525604,372593.76,529398070,29526522,35709339,27445.665,21706095,54131.292,16796467,16282673,17535316,1093042.1,0,54122.087,76694702,167181780,865994.45,15065.106,5347922.8,51057522,38636227,874970.67,1097.1536,0,166000000,489000000,213000000,144000000,,
2008,0,0,0,5464.8849,1096951,819234.19,41358459,0,0,935362.99,0,177978.74,80226677,3221831.1,26534647,328779.28,3083308.9,168127720,1367313.6,105329630,205806670,12727582,5653369.4,4465561.9,0,71474113,38337860,124226330,146856670,761114.42,2334779.7,924395.74,13487081,310458.39,269.87458,4465345.4,1899786,54279.599,318220.76,3282254,128151310,2349704,5131728.2,8225402.8,3555456.6,0,0,162838.8,1051080.5,1194652.1,328708680,101731440,142283.93,102259120,27950970,117539210,54704.234,5973854.5,2305426.4,2294053.1,9534.3664,47366394,40600243,99155121,349217.21,527030940,32780289,37370323,24080.759,22423918,54279.599,15766335,15014897,18562866,979700.21,0,54270.368,76093666,163211360,852297.37,12768.902,5419756.4,52837036,41259441,908748.33,1099.6759,0,166000000,510000000,215000000,145000000,,
2009,0,0,0,5449.9535,1021050.3,870602.43,40585564,0,0,1035418.6,0,283445.72,75845062,3139836.1,26850626,327880.98,2838821.4,157241640,1349653,101077650,205557010,14533354,4692891.1,4214610.1,0,76981377,36251923,118008770,133746810,664672.37,2328400.6,931058.23,13124576,274062.69,267.35238,4211061.5,1786332.7,54131.292,348841.28,3000512.4,128599720,2097854.4,3381296.9,7773614.4,3479368.2,0,0,108262.58,1057946.7,1010274.9,350529850,95779549,124352.66,109192630,26814587,119538750,63702.032,6968841.6,1801084.2,2541997.7,8451.8418,54606964,39830227,96248665,309302.12,534577030,37245209,37893776,11435.696,22627159,54131.292,15028998,13587234,19202240,422306.95,0,54122.087,81825600,161405720,739646.79,11800.329,5209688.7,51837730,44121262,839645.15,1097.1536,0,156000000,459000000,207000000,129000000,,
2010,0,0,0,5449.8273,1017500.3,1085020.5,44520279,0,0,981952.37,0,330640.55,70222321,2380543.5,27370232,392858.3,3119476.6,156086900,1198736.4,102779350,220878590,18334917,5442560.2,4074335.6,0,87191475,36073025,107477250,131179920,691643.06,2249392.5,930996.78,13327860,274078.79,267.35238,3559221.7,1623937.4,54131.243,558747.53,2673143.4,129043090,2181705,4279773.2,7990236.8,3617475.7,0,0,108262.49,1088042,1134635.3,362628660,96517998,136880.49,115027360,26833792,132352110,127354.55,7492283.8,1506335.9,2659243.1,10564.254,56160629,38408962,94655373,629407.7,546672790,43616337,37439346,11436.226,22755899,54131.243,14757636,12823279,19706200,395911.07,0,54120.902,85617294,168464950,654433.79,11638.228,4945109.4,52101765,46920040,801429.27,1097.1536,0,146000000,463000000,212000000,135000000,,
2011,0,0,0,21254.288,1003733.6,968907,46092323,0,0,889787.61,0,386372.3,57816849,2150062.8,23545311,4181156.2,3237192.6,154986770,1069900.2,94575630,219417660,15642923,5622415.1,3480697.9,0,93527039,32621681,102291130,143771360,669038.41,2288858.7,930996.78,13082673,274078.79,267.35238,3376347.5,1623937.4,54131.243,562777.28,2782251.4,141161790,2245813.6,4794918.5,8975625,3671220.5,0,0,108262.49,1135641.5,1116414.9,376821660,27286034,115306.14,117974320,27572512,135909810,95515.907,7264305.1,1625167.5,2516205.1,10564.254,53365524,36122845,93813576,900539.64,552377690,50784306,37749928,11436.226,21214083,54131.243,11405107,11557825,20400063,422306.95,366436.72,54120.902,87195740,176802170,599255.98,11638.228,4846279.6,49543114,48057178,768877.15,986.17724,0,142000000,523000000,213000000,150000000,,
2012,0,0,0,21312.525,920948.68,886440.81,45996719,0,0,796663.11,0,551163.08,49742569,2064804.3,23246510,4293593.9,3073518.8,154444700,1068484.5,96525810,221213780,14292817,5739522.9,3436002.7,0,92942078,33074650,95884857,149900130,719972.25,2660312.9,923823.06,12501412,257006.2,269.87458,3459158.4,1628386.5,54279.547,547584.59,2789873.8,160763460,2598388.2,4920984.7,8423148.2,3947933.4,0,0,108559.09,1100575.3,1119473.6,429964840,81033363,160204.11,115897960,27866611,135378860,91330.551,7267172.8,1511860.1,2469028.2,7415.2458,50183628,34121658,94610725,979891.42,563333250,52589443,38100513,11467.577,4319414.1,54279.547,8917360.3,10599000,22141684,418898.17,1094823.2,54269.18,85576286,190728640,579998.91,11602.035,4675141.8,47721699,49970566,741245.93,1210.6524,0,139000000,549000000,180000000,156000000,,
2013,0,0,0,21254.288,904999.08,964354.16,45581093,0,0,803273.92,0,777442.22,44744236,2009453.1,19466246,5350598.3,2942902.3,152409440,1053772.4,97175919,225540940,13093824,5769654.3,3301767.8,0,94182930,31538343,91523804,150311170,1029978.6,2992417.6,872809.47,11925200,220754.41,267.35238,3436355.6,1623937.4,54131.243,506482.42,2813040.7,164131010,2933184.6,4667900.1,7140887.7,4468998.9,0,0,108262.49,934828.94,1116414.9,487785160,54662678,390379.07,113645160,29031504,126900570,68012.103,7823015.2,1588786.4,2544089.3,8451.4124,47272633,33441742,88784630,987206.46,570354550,55718723,38017746,11436.226,6262533.7,54131.243,6888665.7,9167033.2,21928007,400476.84,1091831.9,54120.902,88274719,201265110,546763.24,11151.042,4756388.2,45485531,50987793,731407.4,1205.608,0,138000000,538000000,170000000,163000000,,
2014,0,0,0,21254.288,869028.33,942675.47,45233433,0,0,776544.33,0,1122497.3,44257076,1955143.6,20452341,5738965,2942902.3,147235200,944015.32,94015511,227946030,12733500,6025458.3,2750372.9,0,94045967,33045090,93894577,149878100,1031740,3113286,872809.47,11925200,220754.41,267.35238,4106794.4,1623937.4,54131.243,432775.38,2623372.3,180936460,3101987.8,4172702.3,6687213.9,5160407.1,0,0,108262.49,990860.46,1092880.2,570983030,30053982,332507.34,126255940,30698252,129058260,63378.334,8111805,2003734.8,2622617,8451.4124,45979763,33017532,86647980,1190277.1,574610170,54904053,38042904,11436.226,5321669.6,54131.243,6588744.2,8636486.1,21675251,370228.59,1091831.9,54120.902,91550117,217644150,550332.37,11151.042,4717971.3,43412075,51271465,696185.65,1205.608,0,139000000,544000000,174000000,163000000,,
2015,0,0,0,21254.288,916896.88,1129782.8,44700871,0,0,745817.48,0,1282314.3,49855629,1574976.8,18481184,5593440.1,2942902.3,137008040,973017.39,97706367,231704180,12969933,5680969.2,2039758.9,0,92194923,35608715,96830940,155591610,986677.53,3194243.4,989184.08,11563583,220754.41,267.35238,5366211.4,1412009.8,54131.243,371337.32,2622027.2,217129360,3321445.5,3904476.9,6704125.9,4959031.6,0,0,108262.49,953506.11,839312.55,611542850,26931616,247521.91,136117840,29967281,119326290,58744.535,6998642.9,1908009.3,2668738.8,8451.4124,46070129,33180676,90288353,1170240.4,583908750,55736229,38555588,11436.226,5072044.4,43275.323,2508828.9,8169611,22598866,370228.59,764282.29,54120.902,93120384,222569790,549629.03,9831.1277,4568250.7,43054070,53351234,668807.69,1205.608,0,135000000,568000000,180000000,176000000,,
2016,0,0,0,21312.525,905691.03,1115205.9,43766258,0,0,770217.6,0,1299679.2,52845119,2668458.5,17103886,5389824.4,2941128.5,130391820,1081446.1,96277420,216218350,10845485,4017541.9,2150156.7,0,91319572,37313457,99392067,162253140,1080031.8,3094458.3,991894.19,11458885,221359.21,269.87458,5051469.8,1773132,54279.547,274345.19,2548491.5,239333300,3502450.5,3523333.3,6396268.4,4721377.8,0,0,108559.09,842598.38,841612.1,587320860,26231304,142274.07,141033130,30343758,103501680,173543.01,6205782.4,1268936.5,2730536.2,8474.566,45397320,32207096,85509575,1324014.3,598340880,49349762,36746338,11467.577,4921785.4,21711.813,1145102.6,7370262.6,23206257,233189.96,711635.05,54269.18,90417664,226249240,492818.44,9770.3179,4242311.5,45377075,54844707,532917.62,1210.6524,0,121000000,587000000,216000000,182000000,,
2017,0,0,0,0,0,0,0,0,0,0,0,0,46600000,0,0,0,0,109000000,0,81600000,192000000,0,0,0,0,79100000,0,88700000,162000000,0,0,0,10500000,0,0,0,0,0,0,0,261537240,0,0,0,0,0,0,0,0,0,574000000,43800000,0,145948420,0,94500000,0,5700000,0,0,0,0,0,66600000,0,554000000,45000000,0,0,4660000,0,0,6740000,0,0,0,0,87000000,229928690,0,0,0,41000000,47600000,0,0,0,108000000,559000000,235000000,176000000,,
2018,0,0,0,0,0,0,0,0,0,0,0,0,50900000,0,0,0,0,102000000,0,74100000,189000000,0,0,0,0,79500000,0,83100000,152000000,0,0,0,9660000,0,0,0,0,0,0,0,239333300,0,0,0,0,0,0,0,0,0,672000000,54900000,0,150863710,0,96400000,0,6400000,0,0,0,0,0,65300000,0,563000000,45600000,0,0,4930000,0,0,5650000,0,0,0,0,91200000,233608140,0,0,0,39500000,47800000,0,0,0,75600000,577000000,225000000,177000000,,
2019,0,0,0,0,0,0,0,0,0,0,0,0,51800000,0,0,0,0,94900000,0,69100000,191000000,0,0,0,0,78500000,0,78400000,142000000,0,0,0,10900000,0,0,0,0,0,0,0,206000000,0,0,0,0,0,0,0,0,0,747000000,57800000,0,155779000,0,101000000,0,6060000,0,0,0,0,0,64300000,0,568000000,46700000,0,0,5040000,0,0,5020000,0,0,0,0,91400000,237287590,0,0,0,38200000,47300000,0,0,0,46600000,557000000,161000000,180000000,,
2020,,,,,,,,,,,,,,,,,,95000000,,,201000000,,,,,,,,132000000,,,,,,,,,,,,206000000,,,,,,,,,,722000000,,,156000000,,105600000,,,,,,,,,,512000000,,,,,,,,,,,,,255000000,,,,,,,,,,508000000,133000000,170000000,,
2021,,,,,,,,,,,,,,,,,,,,,195000000,,,,,,,,130100000,,,,,,,,,,,,202000000,,,,,,,,,,744700000,,,159200000,,,,,,,,,,,,512000000,,,,,,,,,,,,,253300000,,,,,,,,,,500700000,142700000,165600000,,
,,,,,,,,,,,,,,,,,,,,,,,,,,,,,,,,,,,,,,,,,,,,,,,,,,,5.91E+08,,,,,,,,,,,,,,,,,,,,,,,,,,,,,,,,,,,,,,,,,,
